[{"time": 1687383595.7619915, "vehicle": {"vehicle_id": 60, "vehicle_type": "Dodge Charger 2020", "side": "R", "angle_from_center": 1.7855218511697046, "distance": 29.837968707113767, "velocity_delta": -2.678180795749534}}, {"time": 1687383595.7810094, "vehicle": {"vehicle_id": 60, "vehicle_type": "Dodge Charger 2020", "side": "R", "angle_from_center": 1.7891323494727658, "distance": 29.70435871341233, "velocity_delta": -2.6738578197943914}}, {"time": 1687383595.7619915, "vehicle": {"vehicle_id": 60, "vehicle_type": "Dodge Charger 2020", "side": "R", "angle_from_center": 1.7855218511697046, "distance": 29.837968707113767, "velocity_delta": -2.678180795749534}}, {"time": 1687383595.7810094, "vehicle": {"vehicle_id": 60, "vehicle_type": "Dodge Charger 2020", "side": "R", "angle_from_center": 1.7891323494727658, "distance": 29.70435871341233, "velocity_delta": -2.6738578197943914}}, {"time": 1687383595.7980244, "vehicle": {"vehicle_id": 60, "vehicle_type": "Dodge Charger 2020", "side": "R", "angle_from_center": 1.7891323494727658, "distance": 29.70435871341233, "velocity_delta": -2.6738578197943914}}, {"time": 1687383595.8100352, "vehicle": {"vehicle_id": 60, "vehicle_type": "Dodge Charger 2020", "side": "R", "angle_from_center": 1.8005521018879023, "distance": 29.567919240326184, "velocity_delta": -2.7640817915585965}}, {"time": 1687383595.8290524, "vehicle": {"vehicle_id": 60, "vehicle_type": "Dodge Charger 2020", "side": "R", "angle_from_center": 1.79747076743854, "distance": 29.4261155634121, "velocity_delta": -2.8754009170892196}}, {"time": 1687383595.8450668, "vehicle": {"vehicle_id": 60, "vehicle_type": "Dodge Charger 2020", "side": "R", "angle_from_center": 1.79747076743854, "distance": 29.4261155634121, "velocity_delta": -2.8754009170892196}}, {"time": 1687383595.858079, "vehicle": {"vehicle_id": 60, "vehicle_type": "Dodge Charger 2020", "side": "R", "angle_from_center": 1.797094881446668, "distance": 29.27673315869755, "velocity_delta": -3.050096563744023}}, {"time": 1687383595.8750944, "vehicle": {"vehicle_id": 60, "vehicle_type": "Dodge Charger 2020", "side": "R", "angle_from_center": 1.7801770693043153, "distance": 29.119364799870652, "velocity_delta": -3.199070869428936}}, {"time": 1687383595.8931108, "vehicle": {"vehicle_id": 60, "vehicle_type": "Dodge Charger 2020", "side": "R", "angle_from_center": 1.7801770693043153, "distance": 29.119364799870652, "velocity_delta": -3.199070869428936}}, {"time": 1687383595.9091258, "vehicle": {"vehicle_id": 60, "vehicle_type": "Dodge Charger 2020", "side": "R", "angle_from_center": 1.767973441623596, "distance": 28.95350023113543, "velocity_delta": -3.3750390038145364}}, {"time": 1687383595.922137, "vehicle": {"vehicle_id": 60, "vehicle_type": "Dodge Charger 2020", "side": "R", "angle_from_center": 1.7434700571042185, "distance": 28.780619432303048, "velocity_delta": -3.492453080416671}}, {"time": 1687383595.9401534, "vehicle": {"vehicle_id": 60, "vehicle_type": "Dodge Charger 2020", "side": "R", "angle_from_center": 1.717978160462664, "distance": 28.60259433307157, "velocity_delta": -3.5821132870745007}}, {"time": 1687383595.9561682, "vehicle": {"vehicle_id": 60, "vehicle_type": "Dodge Charger 2020", "side": "R", "angle_from_center": 1.717978160462664, "distance": 28.60259433307157, "velocity_delta": -3.5821132870745007}}, {"time": 1687383595.9701803, "vehicle": {"vehicle_id": 60, "vehicle_type": "Dodge Charger 2020", "side": "R", "angle_from_center": 1.6834364794497532, "distance": 28.422046610521516, "velocity_delta": -3.612259954060221}}, {"time": 1687383595.9871964, "vehicle": {"vehicle_id": 60, "vehicle_type": "Dodge Charger 2020", "side": "R", "angle_from_center": 1.6505673807346568, "distance": 28.241498779497025, "velocity_delta": -3.5929017722294905}}, {"time": 1687383596.0052128, "vehicle": {"vehicle_id": 60, "vehicle_type": "Dodge Charger 2020", "side": "R", "angle_from_center": 1.6505673807346568, "distance": 28.241498779497025, "velocity_delta": -3.5929017722294905}}, {"time": 1687383596.0182245, "vehicle": {"vehicle_id": 60, "vehicle_type": "Dodge Charger 2020", "side": "R", "angle_from_center": 1.6140639781212656, "distance": 28.063290228065064, "velocity_delta": -3.532417868117271}}, {"time": 1687383596.0342388, "vehicle": {"vehicle_id": 60, "vehicle_type": "Dodge Charger 2020", "side": "R", "angle_from_center": 1.581430875247392, "distance": 27.888724883159416, "velocity_delta": -3.455904003336169}}, {"time": 1687383596.0522552, "vehicle": {"vehicle_id": 60, "vehicle_type": "Dodge Charger 2020", "side": "R", "angle_from_center": 1.5509852457044104, "distance": 27.71709959941693, "velocity_delta": -3.410974173373079}}, {"time": 1687383596.0682697, "vehicle": {"vehicle_id": 60, "vehicle_type": "Dodge Charger 2020", "side": "R", "angle_from_center": 1.5509852457044104, "distance": 27.71709959941693, "velocity_delta": -3.410974173373079}}, {"time": 1687383596.0822825, "vehicle": {"vehicle_id": 60, "vehicle_type": "Dodge Charger 2020", "side": "R", "angle_from_center": 1.5304424819878335, "distance": 27.545845626043693, "velocity_delta": -3.4257218835239387}}, {"time": 1687383596.098297, "vehicle": {"vehicle_id": 60, "vehicle_type": "Dodge Charger 2020", "side": "R", "angle_from_center": 1.5192286375706772, "distance": 27.371571553488533, "velocity_delta": -3.508866487191823}}, {"time": 1687383596.1163135, "vehicle": {"vehicle_id": 60, "vehicle_type": "Dodge Charger 2020", "side": "R", "angle_from_center": 1.5191852871423208, "distance": 27.191620664149042, "velocity_delta": -3.6373036761962885}}, {"time": 1687383596.132328, "vehicle": {"vehicle_id": 60, "vehicle_type": "Dodge Charger 2020", "side": "R", "angle_from_center": 1.5191852871423208, "distance": 27.191620664149042, "velocity_delta": -3.6373036761962885}}, {"time": 1687383596.1463401, "vehicle": {"vehicle_id": 60, "vehicle_type": "Dodge Charger 2020", "side": "R", "angle_from_center": 1.5373300688164875, "distance": 27.00471751352124, "velocity_delta": -3.7801419110043524}}, {"time": 1687383596.1653578, "vehicle": {"vehicle_id": 60, "vehicle_type": "Dodge Charger 2020", "side": "R", "angle_from_center": 1.5756546538767395, "distance": 26.81029417761944, "velocity_delta": -3.935167813829449}}, {"time": 1687383596.180372, "vehicle": {"vehicle_id": 60, "vehicle_type": "Dodge Charger 2020", "side": "R", "angle_from_center": 1.5756546538767395, "distance": 26.81029417761944, "velocity_delta": -3.935167813829449}}, {"time": 1687383596.1963856, "vehicle": {"vehicle_id": 60, "vehicle_type": "Dodge Charger 2020", "side": "R", "angle_from_center": 1.6302211702554246, "distance": 26.60893133118588, "velocity_delta": -4.065983261012606}}, {"time": 1687383596.2103982, "vehicle": {"vehicle_id": 60, "vehicle_type": "Dodge Charger 2020", "side": "R", "angle_from_center": 1.6971887754743165, "distance": 26.402031131948927, "velocity_delta": -4.162927175785693}}, {"time": 1687383596.229416, "vehicle": {"vehicle_id": 60, "vehicle_type": "Dodge Charger 2020", "side": "R", "angle_from_center": 1.7718033864755824, "distance": 26.19176600069041, "velocity_delta": -4.217624581172538}}, {"time": 1687383596.2454302, "vehicle": {"vehicle_id": 60, "vehicle_type": "Dodge Charger 2020", "side": "R", "angle_from_center": 1.7718033864755824, "distance": 26.19176600069041, "velocity_delta": -4.217624581172538}}, {"time": 1687383596.2574418, "vehicle": {"vehicle_id": 60, "vehicle_type": "Dodge Charger 2020", "side": "R", "angle_from_center": 1.851462197516355, "distance": 25.98096414518552, "velocity_delta": -4.20128409306112}}, {"time": 1687383596.2734563, "vehicle": {"vehicle_id": 60, "vehicle_type": "Dodge Charger 2020", "side": "R", "angle_from_center": 1.9347163668603997, "distance": 25.77212711855067, "velocity_delta": -4.152081222343056}}, {"time": 1687383596.2924736, "vehicle": {"vehicle_id": 60, "vehicle_type": "Dodge Charger 2020", "side": "R", "angle_from_center": 1.9347163668603997, "distance": 25.77212711855067, "velocity_delta": -4.152081222343056}}, {"time": 1687383596.3054848, "vehicle": {"vehicle_id": 60, "vehicle_type": "Dodge Charger 2020", "side": "R", "angle_from_center": 2.0256979402732043, "distance": 25.567645669474594, "velocity_delta": -4.039852226083752}}, {"time": 1687383596.3225005, "vehicle": {"vehicle_id": 60, "vehicle_type": "Dodge Charger 2020", "side": "R", "angle_from_center": 2.1179544214252104, "distance": 25.36829077100723, "velocity_delta": -3.943110973481204}}, {"time": 1687383596.3405163, "vehicle": {"vehicle_id": 60, "vehicle_type": "Dodge Charger 2020", "side": "R", "angle_from_center": 2.2061760740964615, "distance": 25.17318565841604, "velocity_delta": -3.866756096092325}}, {"time": 1687383596.3565314, "vehicle": {"vehicle_id": 60, "vehicle_type": "Dodge Charger 2020", "side": "R", "angle_from_center": 2.2061760740964615, "distance": 25.17318565841604, "velocity_delta": -3.866756096092325}}, {"time": 1687383596.3695438, "vehicle": {"vehicle_id": 60, "vehicle_type": "Dodge Charger 2020", "side": "R", "angle_from_center": 2.2865915130993244, "distance": 24.97911825740301, "velocity_delta": -3.876519352377337}}, {"time": 1687383596.3855574, "vehicle": {"vehicle_id": 60, "vehicle_type": "Dodge Charger 2020", "side": "R", "angle_from_center": 2.357999082232027, "distance": 24.783218454168743, "velocity_delta": -3.9260409928687503}}, {"time": 1687383596.4055762, "vehicle": {"vehicle_id": 60, "vehicle_type": "Dodge Charger 2020", "side": "R", "angle_from_center": 2.422060229395882, "distance": 24.58325697906935, "velocity_delta": -4.021094734941215}}, {"time": 1687383596.4205897, "vehicle": {"vehicle_id": 60, "vehicle_type": "Dodge Charger 2020", "side": "R", "angle_from_center": 2.422060229395882, "distance": 24.58325697906935, "velocity_delta": -4.021094734941215}}, {"time": 1687383596.434603, "vehicle": {"vehicle_id": 60, "vehicle_type": "Dodge Charger 2020", "side": "R", "angle_from_center": 2.476780483703763, "distance": 24.378163574369086, "velocity_delta": -4.128650716430801}}, {"time": 1687383596.4496157, "vehicle": {"vehicle_id": 60, "vehicle_type": "Dodge Charger 2020", "side": "R", "angle_from_center": 2.5226687347490895, "distance": 24.16767177868341, "velocity_delta": -4.236037566580345}}, {"time": 1687383596.4686332, "vehicle": {"vehicle_id": 60, "vehicle_type": "Dodge Charger 2020", "side": "R", "angle_from_center": 2.5617275632548058, "distance": 23.952659092528112, "velocity_delta": -4.315700132519287}}, {"time": 1687383596.4846478, "vehicle": {"vehicle_id": 60, "vehicle_type": "Dodge Charger 2020", "side": "R", "angle_from_center": 2.5617275632548058, "distance": 23.952659092528112, "velocity_delta": -4.315700132519287}}, {"time": 1687383596.4976594, "vehicle": {"vehicle_id": 60, "vehicle_type": "Dodge Charger 2020", "side": "R", "angle_from_center": 2.6020448718310405, "distance": 23.734223092097373, "velocity_delta": -4.372523597633588}}, {"time": 1687383596.5136735, "vehicle": {"vehicle_id": 60, "vehicle_type": "Dodge Charger 2020", "side": "R", "angle_from_center": 2.644164474975099, "distance": 23.514985092662496, "velocity_delta": -4.3533600415120315}}, {"time": 1687383596.5326912, "vehicle": {"vehicle_id": 60, "vehicle_type": "Dodge Charger 2020", "side": "R", "angle_from_center": 2.6865068778149066, "distance": 23.297548321782084, "velocity_delta": -4.308612984254071}}, {"time": 1687383596.5487058, "vehicle": {"vehicle_id": 60, "vehicle_type": "Dodge Charger 2020", "side": "R", "angle_from_center": 2.6865068778149066, "distance": 23.297548321782084, "velocity_delta": -4.308612984254071}}, {"time": 1687383596.5647206, "vehicle": {"vehicle_id": 60, "vehicle_type": "Dodge Charger 2020", "side": "R", "angle_from_center": 2.730013133266155, "distance": 23.08478995797058, "velocity_delta": -4.18338323072128}}, {"time": 1687383596.5777323, "vehicle": {"vehicle_id": 60, "vehicle_type": "Dodge Charger 2020", "side": "R", "angle_from_center": 2.775088593111576, "distance": 22.87862625680454, "velocity_delta": -4.052068591622866}}, {"time": 1687383596.5977502, "vehicle": {"vehicle_id": 60, "vehicle_type": "Dodge Charger 2020", "side": "R", "angle_from_center": 2.775088593111576, "distance": 22.87862625680454, "velocity_delta": -4.052068591622866}}, {"time": 1687383596.6107624, "vehicle": {"vehicle_id": 60, "vehicle_type": "Dodge Charger 2020", "side": "R", "angle_from_center": 2.82186194947829, "distance": 22.679507863788945, "velocity_delta": -3.908914413040738}}, {"time": 1687383596.6287785, "vehicle": {"vehicle_id": 60, "vehicle_type": "Dodge Charger 2020", "side": "R", "angle_from_center": 2.8666240637156335, "distance": 22.485196619363478, "velocity_delta": -3.842957757739587}}, {"time": 1687383596.6417897, "vehicle": {"vehicle_id": 60, "vehicle_type": "Dodge Charger 2020", "side": "R", "angle_from_center": 2.9065162413181866, "distance": 22.294038585559417, "velocity_delta": -3.7257924035655057}}, {"time": 1687383596.6578047, "vehicle": {"vehicle_id": 60, "vehicle_type": "Dodge Charger 2020", "side": "R", "angle_from_center": 2.9065162413181866, "distance": 22.294038585559417, "velocity_delta": -3.7257924035655057}}, {"time": 1687383596.6768222, "vehicle": {"vehicle_id": 60, "vehicle_type": "Dodge Charger 2020", "side": "R", "angle_from_center": 2.949102899195225, "distance": 22.106040977223945, "velocity_delta": -3.756676559218798}}, {"time": 1687383596.6928365, "vehicle": {"vehicle_id": 60, "vehicle_type": "Dodge Charger 2020", "side": "R", "angle_from_center": 2.9828295887902527, "distance": 21.91183313025978, "velocity_delta": -3.8968584945783844}}, {"time": 1687383596.7058482, "vehicle": {"vehicle_id": 60, "vehicle_type": "Dodge Charger 2020", "side": "R", "angle_from_center": 3.000699604554967, "distance": 21.71071208858143, "velocity_delta": -4.029619057434076}}, {"time": 1687383596.7248654, "vehicle": {"vehicle_id": 60, "vehicle_type": "Dodge Charger 2020", "side": "R", "angle_from_center": 3.004571947939354, "distance": 21.502465030292704, "velocity_delta": -4.178920376356902}}, {"time": 1687383596.7408807, "vehicle": {"vehicle_id": 60, "vehicle_type": "Dodge Charger 2020", "side": "R", "angle_from_center": 3.1019109435522694, "distance": 21.76985870401084, "velocity_delta": -4.316696830800678}}, {"time": 1687383596.7568944, "vehicle": {"vehicle_id": 60, "vehicle_type": "Dodge Charger 2020", "side": "R", "angle_from_center": 2.9916465438702033, "distance": 21.287588145282577, "velocity_delta": -4.303052326286782}}, {"time": 1687383596.7699065, "vehicle": {"vehicle_id": 60, "vehicle_type": "Dodge Charger 2020", "side": "R", "angle_from_center": 2.95680984748968, "distance": 21.067527574147444, "velocity_delta": -4.393566225776491}}, {"time": 1687383596.788924, "vehicle": {"vehicle_id": 60, "vehicle_type": "Dodge Charger 2020", "side": "R", "angle_from_center": 2.8984051832687925, "distance": 20.845366904932124, "velocity_delta": -4.401526815065899}}, {"time": 1687383596.8049383, "vehicle": {"vehicle_id": 60, "vehicle_type": "Dodge Charger 2020", "side": "R", "angle_from_center": 2.9966624451348878, "distance": 21.104955762813145, "velocity_delta": -4.395325306126044}}, {"time": 1687383596.8209524, "vehicle": {"vehicle_id": 60, "vehicle_type": "Dodge Charger 2020", "side": "R", "angle_from_center": 2.8205107949587074, "distance": 20.62358675842131, "velocity_delta": -4.395328799594002}}, {"time": 1687383596.8339648, "vehicle": {"vehicle_id": 60, "vehicle_type": "Dodge Charger 2020", "side": "R", "angle_from_center": 2.720236096287877, "distance": 20.405158419732864, "velocity_delta": -4.286958256161155}}, {"time": 1687383596.8499796, "vehicle": {"vehicle_id": 60, "vehicle_type": "Dodge Charger 2020", "side": "R", "angle_from_center": 2.6123202748202488, "distance": 20.191215010164743, "velocity_delta": -4.191566032354053}}, {"time": 1687383596.8689964, "vehicle": {"vehicle_id": 60, "vehicle_type": "Dodge Charger 2020", "side": "R", "angle_from_center": 2.4977197785941314, "distance": 19.98299920800822, "velocity_delta": -4.104888838336569}}, {"time": 1687383596.886012, "vehicle": {"vehicle_id": 60, "vehicle_type": "Dodge Charger 2020", "side": "R", "angle_from_center": 2.4977197785941314, "distance": 19.98299920800822, "velocity_delta": -4.104888838336569}}, {"time": 1687383596.8980234, "vehicle": {"vehicle_id": 60, "vehicle_type": "Dodge Charger 2020", "side": "R", "angle_from_center": 2.3737740615985388, "distance": 19.77455312459244, "velocity_delta": -4.111567911551244}}, {"time": 1687383596.9140377, "vehicle": {"vehicle_id": 60, "vehicle_type": "Dodge Charger 2020", "side": "R", "angle_from_center": 2.2428425320971286, "distance": 19.569146006475833, "velocity_delta": -3.86272506509483}}, {"time": 1687383596.9320538, "vehicle": {"vehicle_id": 60, "vehicle_type": "Dodge Charger 2020", "side": "R", "angle_from_center": 2.124140577555366, "distance": 19.394432044883576, "velocity_delta": -3.2022533835348845}}, {"time": 1687383596.9490695, "vehicle": {"vehicle_id": 60, "vehicle_type": "Dodge Charger 2020", "side": "R", "angle_from_center": 2.124140577555366, "distance": 19.394432044883576, "velocity_delta": -3.2022533835348845}}, {"time": 1687383596.9650831, "vehicle": {"vehicle_id": 60, "vehicle_type": "Dodge Charger 2020", "side": "R", "angle_from_center": 2.011215420727609, "distance": 19.24339674883688, "velocity_delta": -2.838227616555261}}, {"time": 1687383596.9780962, "vehicle": {"vehicle_id": 60, "vehicle_type": "Dodge Charger 2020", "side": "R", "angle_from_center": 1.8952144347923081, "distance": 19.097872579780457, "velocity_delta": -2.8701545871573932}}, {"time": 1687383596.995111, "vehicle": {"vehicle_id": 60, "vehicle_type": "Dodge Charger 2020", "side": "R", "angle_from_center": 1.7643113514458122, "distance": 18.94648529581312, "velocity_delta": -2.9914742622119475}}, {"time": 1687383597.0121264, "vehicle": {"vehicle_id": 60, "vehicle_type": "Dodge Charger 2020", "side": "R", "angle_from_center": 1.6290822736850146, "distance": 18.78639447412395, "velocity_delta": -3.1791199945426794}}, {"time": 1687383597.028141, "vehicle": {"vehicle_id": 60, "vehicle_type": "Dodge Charger 2020", "side": "R", "angle_from_center": 1.6290822736850146, "distance": 18.78639447412395, "velocity_delta": -3.1791199945426794}}, {"time": 1687383597.0451558, "vehicle": {"vehicle_id": 60, "vehicle_type": "Dodge Charger 2020", "side": "R", "angle_from_center": 1.4735153894105224, "distance": 18.608298513357227, "velocity_delta": -3.8317336297371423}}, {"time": 1687383597.0581682, "vehicle": {"vehicle_id": 60, "vehicle_type": "Dodge Charger 2020", "side": "R", "angle_from_center": 1.2563395096132695, "distance": 18.370862552796737, "velocity_delta": -5.162660981959229}}, {"time": 1687383597.0741825, "vehicle": {"vehicle_id": 60, "vehicle_type": "Dodge Charger 2020", "side": "R", "angle_from_center": 0.9869213200214375, "distance": 18.09630370981247, "velocity_delta": -5.346434551563234}}, {"time": 1687383597.090198, "vehicle": {"vehicle_id": 60, "vehicle_type": "Dodge Charger 2020", "side": "R", "angle_from_center": 0.6947069704488911, "distance": 17.8250034797663, "velocity_delta": -5.371734228389495}}, {"time": 1687383597.1092143, "vehicle": {"vehicle_id": 60, "vehicle_type": "Dodge Charger 2020", "side": "R", "angle_from_center": 0.6947069704488911, "distance": 17.8250034797663, "velocity_delta": -5.348391284702455}}, {"time": 1687383597.124228, "vehicle": {"vehicle_id": 60, "vehicle_type": "Dodge Charger 2020", "side": "R", "angle_from_center": 0.3686728935795287, "distance": 17.55458158667663, "velocity_delta": -5.333337030988606}}, {"time": 1687383597.140242, "vehicle": {"vehicle_id": 60, "vehicle_type": "Dodge Charger 2020", "side": "R", "angle_from_center": 0.0009612626266317648, "distance": 17.28168886335742, "velocity_delta": -5.410232263989726}}, {"time": 1687383597.1542552, "vehicle": {"vehicle_id": 60, "vehicle_type": "Dodge Charger 2020", "side": "L", "angle_from_center": 0.41471390882841774, "distance": 17.01044908244624, "velocity_delta": -5.320431392584486}}, {"time": 1687383597.1722713, "vehicle": {"vehicle_id": 60, "vehicle_type": "Dodge Charger 2020", "side": "L", "angle_from_center": 0.8643156463402448, "distance": 16.746195239361178, "velocity_delta": -5.154556939978062}}, {"time": 1687383597.1892874, "vehicle": {"vehicle_id": 60, "vehicle_type": "Dodge Charger 2020", "side": "L", "angle_from_center": 0.8643156463402448, "distance": 16.746195239361178, "velocity_delta": -5.154556939978062}}, {"time": 1687383597.2043006, "vehicle": {"vehicle_id": 60, "vehicle_type": "Dodge Charger 2020", "side": "L", "angle_from_center": 1.347820050171407, "distance": 16.49230897973908, "velocity_delta": -4.922995278025829}}, {"time": 1687383597.2213166, "vehicle": {"vehicle_id": 60, "vehicle_type": "Dodge Charger 2020", "side": "L", "angle_from_center": 1.8460942122612494, "distance": 16.249249840010805, "velocity_delta": -4.690848499690914}}, {"time": 1687383597.2343278, "vehicle": {"vehicle_id": 60, "vehicle_type": "Dodge Charger 2020", "side": "L", "angle_from_center": 2.363814897553823, "distance": 16.018437656596628, "velocity_delta": -4.417640736160127}}, {"time": 1687383597.2503428, "vehicle": {"vehicle_id": 60, "vehicle_type": "Dodge Charger 2020", "side": "L", "angle_from_center": 2.363814897553823, "distance": 16.018437656596628, "velocity_delta": -4.417640736160127}}, {"time": 1687383597.2693598, "vehicle": {"vehicle_id": 60, "vehicle_type": "Dodge Charger 2020", "side": "L", "angle_from_center": 2.894774339214507, "distance": 15.8006206070268, "velocity_delta": -4.168042151864045}}, {"time": 1687383597.2843735, "vehicle": {"vehicle_id": 60, "vehicle_type": "Dodge Charger 2020", "side": "L", "angle_from_center": 3.4496333182573835, "distance": 15.587799997469231, "velocity_delta": -4.169764149456144}}, {"time": 1687383597.3003876, "vehicle": {"vehicle_id": 60, "vehicle_type": "Dodge Charger 2020", "side": "L", "angle_from_center": 4.03265431631695, "distance": 15.374801873170556, "velocity_delta": -4.147304070403764}}, {"time": 1687383597.3144007, "vehicle": {"vehicle_id": 60, "vehicle_type": "Dodge Charger 2020", "side": "L", "angle_from_center": 4.650860335744127, "distance": 15.16424134129919, "velocity_delta": -4.095620563981713}}, {"time": 1687383597.330415, "vehicle": {"vehicle_id": 60, "vehicle_type": "Dodge Charger 2020", "side": "L", "angle_from_center": 5.294002627510736, "distance": 14.959301836804752, "velocity_delta": -3.941916101038087}}, {"time": 1687383597.3484316, "vehicle": {"vehicle_id": 60, "vehicle_type": "Dodge Charger 2020", "side": "L", "angle_from_center": 5.963190061424683, "distance": 14.766277060817565, "velocity_delta": -3.590207884700079}}, {"time": 1687383597.3644466, "vehicle": {"vehicle_id": 60, "vehicle_type": "Dodge Charger 2020", "side": "L", "angle_from_center": 5.963190061424683, "distance": 14.766277060817565, "velocity_delta": -3.590207884700079}}, {"time": 1687383597.3804605, "vehicle": {"vehicle_id": 60, "vehicle_type": "Dodge Charger 2020", "side": "L", "angle_from_center": 6.647027796154177, "distance": 14.591645703419426, "velocity_delta": -3.364521157857191}}, {"time": 1687383597.396475, "vehicle": {"vehicle_id": 60, "vehicle_type": "Dodge Charger 2020", "side": "L", "angle_from_center": 7.356660418624855, "distance": 14.418634971457486, "velocity_delta": -3.401679116579766}}, {"time": 1687383597.4094865, "vehicle": {"vehicle_id": 60, "vehicle_type": "Dodge Charger 2020", "side": "L", "angle_from_center": 8.086140994271162, "distance": 14.241571958027118, "velocity_delta": -3.505459944045734}}, {"time": 1687383597.4255016, "vehicle": {"vehicle_id": 60, "vehicle_type": "Dodge Charger 2020", "side": "L", "angle_from_center": 8.086140994271162, "distance": 14.241571958027118, "velocity_delta": -3.505459944045734}}, {"time": 1687383597.4455202, "vehicle": {"vehicle_id": 60, "vehicle_type": "Dodge Charger 2020", "side": "L", "angle_from_center": 8.847467699940438, "distance": 14.05965015592534, "velocity_delta": -3.614393599982968}}, {"time": 1687383597.4585316, "vehicle": {"vehicle_id": 60, "vehicle_type": "Dodge Charger 2020", "side": "L", "angle_from_center": 8.847467699940438, "distance": 14.05965015592534, "velocity_delta": -3.614393599982968}}, {"time": 1687383597.4765475, "vehicle": {"vehicle_id": 60, "vehicle_type": "Dodge Charger 2020", "side": "L", "angle_from_center": 9.631910963407279, "distance": 13.872410122332653, "velocity_delta": -3.74839128304109}}, {"time": 1687383597.4925625, "vehicle": {"vehicle_id": 60, "vehicle_type": "Dodge Charger 2020", "side": "L", "angle_from_center": 10.449790683008047, "distance": 13.679992061933902, "velocity_delta": -3.8683109553180373}}, {"time": 1687383597.508577, "vehicle": {"vehicle_id": 60, "vehicle_type": "Dodge Charger 2020", "side": "L", "angle_from_center": 11.293142536608684, "distance": 13.48247027246351, "velocity_delta": -3.9976425085453977}}, {"time": 1687383597.5245917, "vehicle": {"vehicle_id": 60, "vehicle_type": "Dodge Charger 2020", "side": "L", "angle_from_center": 12.172386632614234, "distance": 13.281280176367769, "velocity_delta": -4.078186545437109}}, {"time": 1687383597.5376031, "vehicle": {"vehicle_id": 60, "vehicle_type": "Dodge Charger 2020", "side": "L", "angle_from_center": 13.076183639807667, "distance": 13.07814449591653, "velocity_delta": -4.13664783021383}}, {"time": 1687383597.5546186, "vehicle": {"vehicle_id": 60, "vehicle_type": "Dodge Charger 2020", "side": "L", "angle_from_center": 13.999314186326046, "distance": 12.874626263766064, "velocity_delta": -4.136188510726761}}, {"time": 1687383597.5726352, "vehicle": {"vehicle_id": 60, "vehicle_type": "Dodge Charger 2020", "side": "L", "angle_from_center": 14.928389025186078, "distance": 12.673078493813438, "velocity_delta": -4.0936174563786905}}, {"time": 1687383597.5886495, "vehicle": {"vehicle_id": 60, "vehicle_type": "Dodge Charger 2020", "side": "L", "angle_from_center": 14.928389025186078, "distance": 12.673078493813438, "velocity_delta": -4.0936174563786905}}, {"time": 1687383597.6046643, "vehicle": {"vehicle_id": 60, "vehicle_type": "Dodge Charger 2020", "side": "L", "angle_from_center": 15.873876072338064, "distance": 12.476745589970323, "velocity_delta": -3.9836890205680255}}, {"time": 1687383597.6176772, "vehicle": {"vehicle_id": 60, "vehicle_type": "Dodge Charger 2020", "side": "L", "angle_from_center": 16.81399781189947, "distance": 12.284919029121141, "velocity_delta": -3.9687345980724453}}, {"time": 1687383597.63369, "vehicle": {"vehicle_id": 60, "vehicle_type": "Dodge Charger 2020", "side": "L", "angle_from_center": 16.81399781189947, "distance": 12.284919029121141, "velocity_delta": -3.9687345980724453}}, {"time": 1687383597.6527078, "vehicle": {"vehicle_id": 60, "vehicle_type": "Dodge Charger 2020", "side": "L", "angle_from_center": 17.7605369559013, "distance": 12.094711954831364, "velocity_delta": -3.9524974127285484}}, {"time": 1687383597.6707242, "vehicle": {"vehicle_id": 60, "vehicle_type": "Dodge Charger 2020", "side": "L", "angle_from_center": 18.687533841165433, "distance": 11.912253089516117, "velocity_delta": -3.5760650594957504}}, {"time": 1687383597.6847365, "vehicle": {"vehicle_id": 60, "vehicle_type": "Dodge Charger 2020", "side": "L", "angle_from_center": 19.54308148231567, "distance": 11.764092365683572, "velocity_delta": -2.8956535497171014}}, {"time": 1687383597.6977482, "vehicle": {"vehicle_id": 60, "vehicle_type": "Dodge Charger 2020", "side": "L", "angle_from_center": 20.326584494825113, "distance": 11.641133233334223, "velocity_delta": -2.5046490708671776}}, {"time": 1687383597.713763, "vehicle": {"vehicle_id": 60, "vehicle_type": "Dodge Charger 2020", "side": "L", "angle_from_center": 21.084550021542583, "distance": 11.529109835132017, "velocity_delta": -2.3826887507433483}}, {"time": 1687383597.7327797, "vehicle": {"vehicle_id": 60, "vehicle_type": "Dodge Charger 2020", "side": "L", "angle_from_center": 21.814141903550436, "distance": 11.413089084035729, "velocity_delta": -2.5876689686314505}}, {"time": 1687383597.7487955, "vehicle": {"vehicle_id": 60, "vehicle_type": "Dodge Charger 2020", "side": "L", "angle_from_center": 22.536043193091032, "distance": 11.290004343164071, "velocity_delta": -2.6808335935349135}}, {"time": 1687383597.764809, "vehicle": {"vehicle_id": 60, "vehicle_type": "Dodge Charger 2020", "side": "L", "angle_from_center": 22.536043193091032, "distance": 11.290004343164071, "velocity_delta": -2.6808335935349135}}, {"time": 1687383597.778822, "vehicle": {"vehicle_id": 60, "vehicle_type": "Dodge Charger 2020", "side": "L", "angle_from_center": 23.24056041413951, "distance": 11.157281489072275, "velocity_delta": -2.985730255954592}}, {"time": 1687383597.7938354, "vehicle": {"vehicle_id": 60, "vehicle_type": "Dodge Charger 2020", "side": "L", "angle_from_center": 23.956773451306475, "distance": 11.013177234760334, "velocity_delta": -3.385211349432198}}, {"time": 1687383597.813854, "vehicle": {"vehicle_id": 60, "vehicle_type": "Dodge Charger 2020", "side": "L", "angle_from_center": 24.730879877911278, "distance": 10.837632321121955, "velocity_delta": -4.132352172373316}}, {"time": 1687383597.8288677, "vehicle": {"vehicle_id": 60, "vehicle_type": "Dodge Charger 2020", "side": "L", "angle_from_center": 24.730879877911278, "distance": 10.837632321121955, "velocity_delta": -4.132352172373316}}, {"time": 1687383597.8448822, "vehicle": {"vehicle_id": 60, "vehicle_type": "Dodge Charger 2020", "side": "L", "angle_from_center": 25.562946242982918, "distance": 10.638610447431692, "velocity_delta": -4.500812187944789}}, {"time": 1687383597.8618977, "vehicle": {"vehicle_id": 60, "vehicle_type": "Dodge Charger 2020", "side": "L", "angle_from_center": 26.39692233513952, "distance": 10.431114697884416, "velocity_delta": -4.6813148751668825}}, {"time": 1687383597.8739085, "vehicle": {"vehicle_id": 60, "vehicle_type": "Dodge Charger 2020", "side": "L", "angle_from_center": 26.39692233513952, "distance": 10.431114697884416, "velocity_delta": -4.6813148751668825}}, {"time": 1687383597.890924, "vehicle": {"vehicle_id": 60, "vehicle_type": "Dodge Charger 2020", "side": "L", "angle_from_center": 27.250581658724627, "distance": 10.221561518777932, "velocity_delta": -4.696627181443459}}, {"time": 1687383597.9089403, "vehicle": {"vehicle_id": 60, "vehicle_type": "Dodge Charger 2020", "side": "L", "angle_from_center": 28.078886048804804, "distance": 10.014178617507799, "velocity_delta": -4.615274099983823}}, {"time": 1687383597.924955, "vehicle": {"vehicle_id": 60, "vehicle_type": "Dodge Charger 2020", "side": "L", "angle_from_center": 28.89468515412942, "distance": 9.814055505398295, "velocity_delta": -4.420027535394812}}, {"time": 1687383597.9409695, "vehicle": {"vehicle_id": 60, "vehicle_type": "Dodge Charger 2020", "side": "L", "angle_from_center": 29.680388139079284, "distance": 9.62430934285565, "velocity_delta": -4.209545226903142}}, {"time": 1687383597.9539807, "vehicle": {"vehicle_id": 60, "vehicle_type": "Dodge Charger 2020", "side": "L", "angle_from_center": 30.4426949945489, "distance": 9.446286422393278, "velocity_delta": -3.9451437063970882}}, {"time": 1687383597.9699955, "vehicle": {"vehicle_id": 60, "vehicle_type": "Dodge Charger 2020", "side": "L", "angle_from_center": 31.18230787775181, "distance": 9.275261102108518, "velocity_delta": -3.923129755954621}}, {"time": 1687383597.989013, "vehicle": {"vehicle_id": 60, "vehicle_type": "Dodge Charger 2020", "side": "L", "angle_from_center": 31.947772642966484, "distance": 9.104535689937258, "velocity_delta": -3.9254209849784916}}, {"time": 1687383598.0050275, "vehicle": {"vehicle_id": 60, "vehicle_type": "Dodge Charger 2020", "side": "L", "angle_from_center": 31.05069124420011, "distance": 9.326051935988174, "velocity_delta": -3.864081764082849}}, {"time": 1687383598.0200417, "vehicle": {"vehicle_id": 60, "vehicle_type": "Dodge Charger 2020", "side": "L", "angle_from_center": 32.71599167196243, "distance": 8.93659321658212, "velocity_delta": -3.8708352061224165}}, {"time": 1687383598.0370564, "vehicle": {"vehicle_id": 60, "vehicle_type": "Dodge Charger 2020", "side": "L", "angle_from_center": 33.50055073638363, "distance": 8.773650744344089, "velocity_delta": -3.784289599578692}}, {"time": 1687383598.0510697, "vehicle": {"vehicle_id": 60, "vehicle_type": "Dodge Charger 2020", "side": "L", "angle_from_center": 34.24861430307848, "distance": 8.624267336025655, "velocity_delta": -3.317554091789968}}, {"time": 1687383598.0660827, "vehicle": {"vehicle_id": 60, "vehicle_type": "Dodge Charger 2020", "side": "L", "angle_from_center": 34.24861430307848, "distance": 8.624267336025655, "velocity_delta": -3.317554091789968}}, {"time": 1687383598.0840995, "vehicle": {"vehicle_id": 60, "vehicle_type": "Dodge Charger 2020", "side": "L", "angle_from_center": 34.92239391612232, "distance": 8.492525209742293, "velocity_delta": -2.9729927777414256}}, {"time": 1687383598.1011145, "vehicle": {"vehicle_id": 60, "vehicle_type": "Dodge Charger 2020", "side": "L", "angle_from_center": 35.58582002620436, "distance": 8.363604970865051, "velocity_delta": -2.991677823157013}}, {"time": 1687383598.1171293, "vehicle": {"vehicle_id": 60, "vehicle_type": "Dodge Charger 2020", "side": "L", "angle_from_center": 36.30454279172852, "distance": 8.232857716616824, "velocity_delta": -3.0637382568288185}}, {"time": 1687383598.132143, "vehicle": {"vehicle_id": 60, "vehicle_type": "Dodge Charger 2020", "side": "L", "angle_from_center": 37.080471721353234, "distance": 8.09851666868307, "velocity_delta": -3.206243741712006}}, {"time": 1687383598.1461554, "vehicle": {"vehicle_id": 60, "vehicle_type": "Dodge Charger 2020", "side": "L", "angle_from_center": 37.95111257967558, "distance": 7.960565331186623, "velocity_delta": -3.3283487214404737}}, {"time": 1687383598.1651726, "vehicle": {"vehicle_id": 60, "vehicle_type": "Dodge Charger 2020", "side": "L", "angle_from_center": 38.905771541370896, "distance": 7.81912502588993, "velocity_delta": -3.4855785237911023}}, {"time": 1687383598.1801863, "vehicle": {"vehicle_id": 60, "vehicle_type": "Dodge Charger 2020", "side": "L", "angle_from_center": 37.59111668835823, "distance": 8.028196055658608, "velocity_delta": -3.6349496531975225}}, {"time": 1687383598.1962008, "vehicle": {"vehicle_id": 60, "vehicle_type": "Dodge Charger 2020", "side": "L", "angle_from_center": 39.96462396485664, "distance": 7.674742637028457, "velocity_delta": -3.6100587906655557}}, {"time": 1687383598.2122157, "vehicle": {"vehicle_id": 60, "vehicle_type": "Dodge Charger 2020", "side": "L", "angle_from_center": 41.11743025370099, "distance": 7.528279152559243, "velocity_delta": -3.751395728328709}}, {"time": 1687383598.2272286, "vehicle": {"vehicle_id": 60, "vehicle_type": "Dodge Charger 2020", "side": "L", "angle_from_center": 42.37863012433071, "distance": 7.381286592251042, "velocity_delta": -3.8264046395225577}}, {"time": 1687383598.2422423, "vehicle": {"vehicle_id": 60, "vehicle_type": "Dodge Charger 2020", "side": "L", "angle_from_center": 42.37863012433071, "distance": 7.381286592251042, "velocity_delta": -3.8264046395225577}}, {"time": 1687383598.2582572, "vehicle": {"vehicle_id": 60, "vehicle_type": "Dodge Charger 2020", "side": "L", "angle_from_center": 43.70187732281319, "distance": 7.233181787996905, "velocity_delta": -3.900506991593706}}, {"time": 1687383598.2762735, "vehicle": {"vehicle_id": 60, "vehicle_type": "Dodge Charger 2020", "side": "L", "angle_from_center": 45.09905555896253, "distance": 7.08621952426, "velocity_delta": -3.8814433267609303}}, {"time": 1687383598.2932887, "vehicle": {"vehicle_id": 60, "vehicle_type": "Dodge Charger 2020", "side": "L", "angle_from_center": 46.547192503669905, "distance": 6.943528882540784, "velocity_delta": -3.8510776623522824}}, {"time": 1687383598.3083026, "vehicle": {"vehicle_id": 60, "vehicle_type": "Dodge Charger 2020", "side": "L", "angle_from_center": 48.04829076777858, "distance": 6.807367949788771, "velocity_delta": -3.7306563175808813}}, {"time": 1687383598.3223155, "vehicle": {"vehicle_id": 60, "vehicle_type": "Dodge Charger 2020", "side": "L", "angle_from_center": 49.58754278048646, "distance": 6.677634526875804, "velocity_delta": -3.721266783560692}}, {"time": 1687383598.3393319, "vehicle": {"vehicle_id": 60, "vehicle_type": "Dodge Charger 2020", "side": "L", "angle_from_center": 51.208186269917135, "distance": 6.552729153461756, "velocity_delta": -3.695855123844373}}, {"time": 1687383598.3543446, "vehicle": {"vehicle_id": 60, "vehicle_type": "Dodge Charger 2020", "side": "L", "angle_from_center": 51.208186269917135, "distance": 6.552729153461756, "velocity_delta": -3.695855123844373}}, {"time": 1687383598.3733618, "vehicle": {"vehicle_id": 60, "vehicle_type": "Dodge Charger 2020", "side": "L", "angle_from_center": 52.84524969573479, "distance": 6.436856744048816, "velocity_delta": -3.3215065995246054}}, {"time": 1687383598.3893764, "vehicle": {"vehicle_id": 60, "vehicle_type": "Dodge Charger 2020", "side": "L", "angle_from_center": 54.30226034807524, "distance": 6.345919344864365, "velocity_delta": -2.627677091643757}}, {"time": 1687383598.4023883, "vehicle": {"vehicle_id": 60, "vehicle_type": "Dodge Charger 2020", "side": "L", "angle_from_center": 55.622014186521255, "distance": 6.273557977059198, "velocity_delta": -2.238914370890697}}, {"time": 1687383598.4184031, "vehicle": {"vehicle_id": 60, "vehicle_type": "Dodge Charger 2020", "side": "L", "angle_from_center": 55.622014186521255, "distance": 6.273557977059198, "velocity_delta": -2.238914370890697}}, {"time": 1687383598.4374204, "vehicle": {"vehicle_id": 60, "vehicle_type": "Dodge Charger 2020", "side": "L", "angle_from_center": 56.91264907118389, "distance": 6.206477732672055, "velocity_delta": -2.1186632226892836}}, {"time": 1687383598.4534342, "vehicle": {"vehicle_id": 60, "vehicle_type": "Dodge Charger 2020", "side": "L", "angle_from_center": 58.264471503766856, "distance": 6.138293205111492, "velocity_delta": -2.2835653480836173}}, {"time": 1687383598.468448, "vehicle": {"vehicle_id": 60, "vehicle_type": "Dodge Charger 2020", "side": "L", "angle_from_center": 59.746292481834985, "distance": 6.069831999959816, "velocity_delta": -2.429232704612992}}, {"time": 1687383598.4824607, "vehicle": {"vehicle_id": 60, "vehicle_type": "Dodge Charger 2020", "side": "L", "angle_from_center": 61.349490685997665, "distance": 6.001368697213944, "velocity_delta": -2.6339759981851003}}, {"time": 1687383598.4974747, "vehicle": {"vehicle_id": 60, "vehicle_type": "Dodge Charger 2020", "side": "L", "angle_from_center": 63.233561518506704, "distance": 5.927178691195244, "velocity_delta": -3.380559375431166}}, {"time": 1687383598.5174928, "vehicle": {"vehicle_id": 60, "vehicle_type": "Dodge Charger 2020", "side": "L", "angle_from_center": 65.69138210250996, "distance": 5.8374272564465715, "velocity_delta": -4.71043579714051}}, {"time": 1687383598.5325062, "vehicle": {"vehicle_id": 60, "vehicle_type": "Dodge Charger 2020", "side": "L", "angle_from_center": 65.69138210250996, "distance": 5.8374272564465715, "velocity_delta": -4.71043579714051}}, {"time": 1687383598.5495222, "vehicle": {"vehicle_id": 60, "vehicle_type": "Dodge Charger 2020", "side": "L", "angle_from_center": 68.62882069471955, "distance": 5.741709813080443, "velocity_delta": -5.067172691279076}}, {"time": 1687383598.5625339, "vehicle": {"vehicle_id": 60, "vehicle_type": "Dodge Charger 2020", "side": "L", "angle_from_center": 71.62964775883074, "distance": 5.658094919509394, "velocity_delta": -5.0505780550272945}}, {"time": 1687383598.577547, "vehicle": {"vehicle_id": 60, "vehicle_type": "Dodge Charger 2020", "side": "L", "angle_from_center": 74.65362560444032, "distance": 5.585817451702731, "velocity_delta": -4.89057710348062}}, {"time": 1687383598.5975652, "vehicle": {"vehicle_id": 60, "vehicle_type": "Dodge Charger 2020", "side": "L", "angle_from_center": 77.62658727943281, "distance": 5.526930074722526, "velocity_delta": -4.692519839216452}}, {"time": 1687383598.6125786, "vehicle": {"vehicle_id": 60, "vehicle_type": "Dodge Charger 2020", "side": "L", "angle_from_center": 77.62658727943281, "distance": 5.526930074722526, "velocity_delta": -4.692519839216452}}, {"time": 1687383598.6295946, "vehicle": {"vehicle_id": 60, "vehicle_type": "Dodge Charger 2020", "side": "L", "angle_from_center": 80.53662412524469, "distance": 5.4830972960276885, "velocity_delta": -4.419562769641256}}, {"time": 1687383598.6416054, "vehicle": {"vehicle_id": 60, "vehicle_type": "Dodge Charger 2020", "side": "L", "angle_from_center": 83.33154329414133, "distance": 5.453493778359681, "velocity_delta": -4.171080423537667}}, {"time": 1687383598.6576197, "vehicle": {"vehicle_id": 60, "vehicle_type": "Dodge Charger 2020", "side": "L", "angle_from_center": 83.33154329414133, "distance": 5.453493778359681, "velocity_delta": -4.171080423537667}}, {"time": 1687383598.6786392, "vehicle": {"vehicle_id": 60, "vehicle_type": "Dodge Charger 2020", "side": "L", "angle_from_center": 86.01746422923, "distance": 5.43748136911697, "velocity_delta": -3.9182969370928786}}, {"time": 1687383598.6926513, "vehicle": {"vehicle_id": 60, "vehicle_type": "Dodge Charger 2020", "side": "L", "angle_from_center": 88.5744270410996, "distance": 5.4314196174993326, "velocity_delta": -3.6453489623034985}}, {"time": 1687383598.7096665, "vehicle": {"vehicle_id": 60, "vehicle_type": "Dodge Charger 2020", "side": "L", "angle_from_center": 90.99095103393327, "distance": 5.436507475923789, "velocity_delta": -3.364237586364026}}, {"time": 1687383598.722679, "vehicle": {"vehicle_id": 60, "vehicle_type": "Dodge Charger 2020", "side": "L", "angle_from_center": 93.35454667292478, "distance": 5.451035662392188, "velocity_delta": -3.424447214967876}}, {"time": 1687383598.7376924, "vehicle": {"vehicle_id": 60, "vehicle_type": "Dodge Charger 2020", "side": "L", "angle_from_center": 95.72113917037021, "distance": 5.474610793997411, "velocity_delta": -3.39192011917865}}, {"time": 1687383598.7567098, "vehicle": {"vehicle_id": 60, "vehicle_type": "Dodge Charger 2020", "side": "L", "angle_from_center": 98.02911986904422, "distance": 5.5071139389308845, "velocity_delta": -3.3544973214512313}}, {"time": 1687383598.773725, "vehicle": {"vehicle_id": 60, "vehicle_type": "Dodge Charger 2020", "side": "L", "angle_from_center": 98.02911986904422, "distance": 5.5071139389308845, "velocity_delta": -3.3544973214512313}}, {"time": 1687383598.7897403, "vehicle": {"vehicle_id": 60, "vehicle_type": "Dodge Charger 2020", "side": "L", "angle_from_center": 100.27968884537526, "distance": 5.5437507205808165, "velocity_delta": -3.2303521783352034}}, {"time": 1687383598.80175, "vehicle": {"vehicle_id": 60, "vehicle_type": "Dodge Charger 2020", "side": "L", "angle_from_center": 102.46543869007016, "distance": 5.584772304086078, "velocity_delta": -3.239758865184613}}, {"time": 1687383598.8182716, "vehicle": {"vehicle_id": 60, "vehicle_type": "Dodge Charger 2020", "side": "L", "angle_from_center": 102.46543869007016, "distance": 5.584772304086078, "velocity_delta": -3.239758865184613}}, {"time": 1687383598.83829, "vehicle": {"vehicle_id": 60, "vehicle_type": "Dodge Charger 2020", "side": "L", "angle_from_center": 104.63045964963105, "distance": 5.632211832367076, "velocity_delta": -3.20931411255028}}, {"time": 1687383598.8533032, "vehicle": {"vehicle_id": 60, "vehicle_type": "Dodge Charger 2020", "side": "L", "angle_from_center": 106.62373117399544, "distance": 5.68314911802645, "velocity_delta": -2.7011766433404016}}, {"time": 1687383598.8663154, "vehicle": {"vehicle_id": 60, "vehicle_type": "Dodge Charger 2020", "side": "L", "angle_from_center": 108.26866194449217, "distance": 5.7300602887675804, "velocity_delta": -2.0956508587722986}}, {"time": 1687383598.8823297, "vehicle": {"vehicle_id": 60, "vehicle_type": "Dodge Charger 2020", "side": "L", "angle_from_center": 109.69390753282364, "distance": 5.775853754934026, "velocity_delta": -1.8599949905435773}}, {"time": 1687383598.901347, "vehicle": {"vehicle_id": 60, "vehicle_type": "Dodge Charger 2020", "side": "L", "angle_from_center": 111.09264028854747, "distance": 5.825011148520227, "velocity_delta": -1.9196906120781172}}, {"time": 1687383598.9163606, "vehicle": {"vehicle_id": 60, "vehicle_type": "Dodge Charger 2020", "side": "L", "angle_from_center": 111.09264028854747, "distance": 5.825011148520227, "velocity_delta": -1.9196906120781172}}, {"time": 1687383598.9323752, "vehicle": {"vehicle_id": 60, "vehicle_type": "Dodge Charger 2020", "side": "L", "angle_from_center": 112.51090947421609, "distance": 5.881521190373157, "velocity_delta": -2.0863174341890316}}, {"time": 1687383598.946388, "vehicle": {"vehicle_id": 60, "vehicle_type": "Dodge Charger 2020", "side": "L", "angle_from_center": 114.00021657168338, "distance": 5.941807794935551, "velocity_delta": -2.2439324789502937}}, {"time": 1687383598.961402, "vehicle": {"vehicle_id": 60, "vehicle_type": "Dodge Charger 2020", "side": "L", "angle_from_center": 115.55521475305818, "distance": 6.007728050582078, "velocity_delta": -2.566113028851852}}, {"time": 1687383598.9814196, "vehicle": {"vehicle_id": 60, "vehicle_type": "Dodge Charger 2020", "side": "L", "angle_from_center": 115.55521475305818, "distance": 6.007728050582078, "velocity_delta": -2.566113028851852}}, {"time": 1687383598.9964335, "vehicle": {"vehicle_id": 60, "vehicle_type": "Dodge Charger 2020", "side": "L", "angle_from_center": 117.44180441921677, "distance": 6.095190489644652, "velocity_delta": -3.6558431174993986}}, {"time": 1687383599.0134485, "vehicle": {"vehicle_id": 60, "vehicle_type": "Dodge Charger 2020", "side": "L", "angle_from_center": 119.66553867612602, "distance": 6.210777244194022, "velocity_delta": -4.5649234094947335}}, {"time": 1687383599.0264606, "vehicle": {"vehicle_id": 60, "vehicle_type": "Dodge Charger 2020", "side": "L", "angle_from_center": 121.95529781084292, "distance": 6.33928818770098, "velocity_delta": -4.604895096435323}}, {"time": 1687383599.0424755, "vehicle": {"vehicle_id": 60, "vehicle_type": "Dodge Charger 2020", "side": "L", "angle_from_center": 121.95529781084292, "distance": 6.33928818770098, "velocity_delta": -4.604895096435323}}, {"time": 1687383599.0614924, "vehicle": {"vehicle_id": 60, "vehicle_type": "Dodge Charger 2020", "side": "L", "angle_from_center": 124.12463183404712, "distance": 6.475056711068918, "velocity_delta": -4.611377256627328}}, {"time": 1687383599.0765057, "vehicle": {"vehicle_id": 60, "vehicle_type": "Dodge Charger 2020", "side": "L", "angle_from_center": 126.17383258858592, "distance": 6.615189794590146, "velocity_delta": -4.449819055994035}}, {"time": 1687383599.0925207, "vehicle": {"vehicle_id": 60, "vehicle_type": "Dodge Charger 2020", "side": "L", "angle_from_center": 128.03823751902385, "distance": 6.757106058707936, "velocity_delta": -4.26904097855311}}, {"time": 1687383599.1065335, "vehicle": {"vehicle_id": 60, "vehicle_type": "Dodge Charger 2020", "side": "L", "angle_from_center": 129.74591864132915, "distance": 6.897773765507946, "velocity_delta": -3.9976711204209945}}, {"time": 1687383599.1225476, "vehicle": {"vehicle_id": 60, "vehicle_type": "Dodge Charger 2020", "side": "L", "angle_from_center": 131.29414727182962, "distance": 7.032833727409992, "velocity_delta": -3.772247485967596}}, {"time": 1687383599.1375616, "vehicle": {"vehicle_id": 60, "vehicle_type": "Dodge Charger 2020", "side": "L", "angle_from_center": 131.29414727182962, "distance": 7.032833727409992, "velocity_delta": -3.772247485967596}}, {"time": 1687383599.1565788, "vehicle": {"vehicle_id": 60, "vehicle_type": "Dodge Charger 2020", "side": "L", "angle_from_center": 132.72782043384757, "distance": 7.160778136490529, "velocity_delta": -3.4670970030326655}}, {"time": 1687383599.1695907, "vehicle": {"vehicle_id": 60, "vehicle_type": "Dodge Charger 2020", "side": "L", "angle_from_center": 134.00582087668258, "distance": 7.283031858697213, "velocity_delta": -3.2087361725924106}}, {"time": 1687383599.1856048, "vehicle": {"vehicle_id": 60, "vehicle_type": "Dodge Charger 2020", "side": "L", "angle_from_center": 135.2092769364233, "distance": 7.402051384912475, "velocity_delta": -3.0901511446906484}}, {"time": 1687383599.204622, "vehicle": {"vehicle_id": 60, "vehicle_type": "Dodge Charger 2020", "side": "L", "angle_from_center": 133.64819296084588, "distance": 7.219982932051478, "velocity_delta": -2.9756229605582956}}, {"time": 1687383599.2206366, "vehicle": {"vehicle_id": 60, "vehicle_type": "Dodge Charger 2020", "side": "L", "angle_from_center": 136.3429499047519, "distance": 7.52198165711315, "velocity_delta": -2.9830066711717222}}, {"time": 1687383599.237652, "vehicle": {"vehicle_id": 60, "vehicle_type": "Dodge Charger 2020", "side": "L", "angle_from_center": 137.4167893175377, "distance": 7.63720456185277, "velocity_delta": -2.753035202227455}}, {"time": 1687383599.249663, "vehicle": {"vehicle_id": 60, "vehicle_type": "Dodge Charger 2020", "side": "L", "angle_from_center": 138.4126421433108, "distance": 7.75003013609839, "velocity_delta": -2.6918661868773492}}, {"time": 1687383599.265678, "vehicle": {"vehicle_id": 60, "vehicle_type": "Dodge Charger 2020", "side": "L", "angle_from_center": 138.4126421433108, "distance": 7.75003013609839, "velocity_delta": -2.6918661868773492}}, {"time": 1687383599.2846951, "vehicle": {"vehicle_id": 60, "vehicle_type": "Dodge Charger 2020", "side": "L", "angle_from_center": 139.40102312780942, "distance": 7.863216818864837, "velocity_delta": -2.653005668058541}}, {"time": 1687383599.3017106, "vehicle": {"vehicle_id": 60, "vehicle_type": "Dodge Charger 2020", "side": "L", "angle_from_center": 140.3569803405772, "distance": 7.979575806093375, "velocity_delta": -2.702534491400481}}, {"time": 1687383599.3167238, "vehicle": {"vehicle_id": 60, "vehicle_type": "Dodge Charger 2020", "side": "L", "angle_from_center": 141.345420133035, "distance": 8.096543702996113, "velocity_delta": -2.7105148223299613}}, {"time": 1687383599.3297358, "vehicle": {"vehicle_id": 60, "vehicle_type": "Dodge Charger 2020", "side": "L", "angle_from_center": 142.32587531217666, "distance": 8.214873996022924, "velocity_delta": -2.766939500769748}}, {"time": 1687383599.3467515, "vehicle": {"vehicle_id": 60, "vehicle_type": "Dodge Charger 2020", "side": "L", "angle_from_center": 143.32292215482275, "distance": 8.334566211288783, "velocity_delta": -2.7427423861226368}}, {"time": 1687383599.3647676, "vehicle": {"vehicle_id": 60, "vehicle_type": "Dodge Charger 2020", "side": "L", "angle_from_center": 144.2789052270511, "distance": 8.455706710735127, "velocity_delta": -2.754201432847715}}, {"time": 1687383599.3807821, "vehicle": {"vehicle_id": 60, "vehicle_type": "Dodge Charger 2020", "side": "L", "angle_from_center": 144.2789052270511, "distance": 8.455706710735127, "velocity_delta": -2.754201432847715}}, {"time": 1687383599.3967967, "vehicle": {"vehicle_id": 60, "vehicle_type": "Dodge Charger 2020", "side": "L", "angle_from_center": 145.22844508691307, "distance": 8.576346025959669, "velocity_delta": -2.6676712459810306}}, {"time": 1687383599.4098084, "vehicle": {"vehicle_id": 60, "vehicle_type": "Dodge Charger 2020", "side": "L", "angle_from_center": 146.1146673140432, "distance": 8.69598060278822, "velocity_delta": -2.612805834776559}}, {"time": 1687383599.4288259, "vehicle": {"vehicle_id": 60, "vehicle_type": "Dodge Charger 2020", "side": "L", "angle_from_center": 146.97943424670652, "distance": 8.812673294821264, "velocity_delta": -2.47145492236553}}, {"time": 1687383599.445841, "vehicle": {"vehicle_id": 60, "vehicle_type": "Dodge Charger 2020", "side": "L", "angle_from_center": 146.97943424670652, "distance": 8.812673294821264, "velocity_delta": -2.47145492236553}}, {"time": 1687383599.4608548, "vehicle": {"vehicle_id": 60, "vehicle_type": "Dodge Charger 2020", "side": "L", "angle_from_center": 147.77472340581102, "distance": 8.92704647255746, "velocity_delta": -2.40324334727421}}, {"time": 1687383599.4768693, "vehicle": {"vehicle_id": 60, "vehicle_type": "Dodge Charger 2020", "side": "L", "angle_from_center": 148.5556256161522, "distance": 9.03910143769403, "velocity_delta": -2.2973597481900025}}, {"time": 1687383599.4898815, "vehicle": {"vehicle_id": 60, "vehicle_type": "Dodge Charger 2020", "side": "L", "angle_from_center": 149.30189856384735, "distance": 9.149348917945652, "velocity_delta": -2.313634862820697}}, {"time": 1687383599.5098994, "vehicle": {"vehicle_id": 60, "vehicle_type": "Dodge Charger 2020", "side": "L", "angle_from_center": 150.07316133434279, "distance": 9.258509159372954, "velocity_delta": -2.289785529441982}}, {"time": 1687383599.5259144, "vehicle": {"vehicle_id": 60, "vehicle_type": "Dodge Charger 2020", "side": "L", "angle_from_center": 149.10297090112476, "distance": 9.020662533136443, "velocity_delta": -2.3408319391945263}}, {"time": 1687383599.5409274, "vehicle": {"vehicle_id": 60, "vehicle_type": "Dodge Charger 2020", "side": "L", "angle_from_center": 150.81230979049604, "distance": 9.369848591583974, "velocity_delta": -2.360344491044285}}, {"time": 1687383599.5539393, "vehicle": {"vehicle_id": 60, "vehicle_type": "Dodge Charger 2020", "side": "L", "angle_from_center": 151.57370239941145, "distance": 9.4833513589164, "velocity_delta": -2.3707209844780905}}, {"time": 1687383599.5709546, "vehicle": {"vehicle_id": 60, "vehicle_type": "Dodge Charger 2020", "side": "L", "angle_from_center": 152.3077110688094, "distance": 9.600300727418032, "velocity_delta": -2.4526730386703477}}, {"time": 1687383599.588971, "vehicle": {"vehicle_id": 60, "vehicle_type": "Dodge Charger 2020", "side": "L", "angle_from_center": 153.06479713670223, "distance": 9.719522024247786, "velocity_delta": -2.4488890833009247}}, {"time": 1687383599.6049857, "vehicle": {"vehicle_id": 60, "vehicle_type": "Dodge Charger 2020", "side": "L", "angle_from_center": 153.06479713670223, "distance": 9.719522024247786, "velocity_delta": -2.4488890833009247}}, {"time": 1687383599.6220016, "vehicle": {"vehicle_id": 60, "vehicle_type": "Dodge Charger 2020", "side": "L", "angle_from_center": 153.7941060444115, "distance": 9.841151049296053, "velocity_delta": -2.4939565855956225}}, {"time": 1687383599.634012, "vehicle": {"vehicle_id": 60, "vehicle_type": "Dodge Charger 2020", "side": "L", "angle_from_center": 154.5495127756053, "distance": 9.96308075780157, "velocity_delta": -2.431574999677676}}, {"time": 1687383599.6500268, "vehicle": {"vehicle_id": 60, "vehicle_type": "Dodge Charger 2020", "side": "L", "angle_from_center": 154.5495127756053, "distance": 9.96308075780157, "velocity_delta": -2.431574999677676}}, {"time": 1687383599.6690445, "vehicle": {"vehicle_id": 60, "vehicle_type": "Dodge Charger 2020", "side": "L", "angle_from_center": 155.29415693163423, "distance": 10.083127040970341, "velocity_delta": -2.4178218067308768}}, {"time": 1687383599.686059, "vehicle": {"vehicle_id": 60, "vehicle_type": "Dodge Charger 2020", "side": "L", "angle_from_center": 156.07885286808298, "distance": 10.199121723092642, "velocity_delta": -2.2970487521044385}}, {"time": 1687383599.6980703, "vehicle": {"vehicle_id": 60, "vehicle_type": "Dodge Charger 2020", "side": "L", "angle_from_center": 156.83552496713878, "distance": 10.312314340578027, "velocity_delta": -2.244986846220649}}, {"time": 1687383599.7140846, "vehicle": {"vehicle_id": 60, "vehicle_type": "Dodge Charger 2020", "side": "L", "angle_from_center": 157.60973011200647, "distance": 10.422433016327881, "velocity_delta": -2.1379810910794923}}, {"time": 1687383599.733102, "vehicle": {"vehicle_id": 60, "vehicle_type": "Dodge Charger 2020", "side": "L", "angle_from_center": 158.3475475667515, "distance": 10.531949710220644, "velocity_delta": -2.1437719738554044}}, {"time": 1687383599.7491167, "vehicle": {"vehicle_id": 60, "vehicle_type": "Dodge Charger 2020", "side": "L", "angle_from_center": 158.3475475667515, "distance": 10.531949710220644, "velocity_delta": -2.1437719738554044}}, {"time": 1687383599.7651308, "vehicle": {"vehicle_id": 60, "vehicle_type": "Dodge Charger 2020", "side": "L", "angle_from_center": 159.10301543510272, "distance": 10.641758579061657, "velocity_delta": -2.1122430497323927}}, {"time": 1687383599.7781427, "vehicle": {"vehicle_id": 60, "vehicle_type": "Dodge Charger 2020", "side": "L", "angle_from_center": 159.82310563216882, "distance": 10.754341395678928, "velocity_delta": -2.186730868241086}}, {"time": 1687383599.7981608, "vehicle": {"vehicle_id": 60, "vehicle_type": "Dodge Charger 2020", "side": "L", "angle_from_center": 160.56005528158886, "distance": 10.869701777230262, "velocity_delta": -2.2012198164574865}}, {"time": 1687383599.8131764, "vehicle": {"vehicle_id": 60, "vehicle_type": "Dodge Charger 2020", "side": "L", "angle_from_center": 160.56005528158886, "distance": 10.869701777230262, "velocity_delta": -2.2012198164574865}}, {"time": 1687383599.8301902, "vehicle": {"vehicle_id": 60, "vehicle_type": "Dodge Charger 2020", "side": "L", "angle_from_center": 161.27549497643767, "distance": 10.987936766748264, "velocity_delta": -2.306923063375061}}, {"time": 1687383599.842202, "vehicle": {"vehicle_id": 60, "vehicle_type": "Dodge Charger 2020", "side": "L", "angle_from_center": 162.0210212576161, "distance": 11.107868589540631, "velocity_delta": -2.3166382381883244}}, {"time": 1687383599.858215, "vehicle": {"vehicle_id": 60, "vehicle_type": "Dodge Charger 2020", "side": "L", "angle_from_center": 162.0210212576161, "distance": 11.107868589540631, "velocity_delta": -2.3166382381883244}}, {"time": 1687383599.877234, "vehicle": {"vehicle_id": 60, "vehicle_type": "Dodge Charger 2020", "side": "L", "angle_from_center": 162.7273200552833, "distance": 11.23021046832365, "velocity_delta": -2.378946902362017}}, {"time": 1687383599.8922465, "vehicle": {"vehicle_id": 60, "vehicle_type": "Dodge Charger 2020", "side": "L", "angle_from_center": 163.44265332396643, "distance": 11.35261167635123, "velocity_delta": -2.3263678812214144}}, {"time": 1687383599.9072602, "vehicle": {"vehicle_id": 60, "vehicle_type": "Dodge Charger 2020", "side": "L", "angle_from_center": 164.10511566600812, "distance": 11.474204414646843, "velocity_delta": -2.3105770220253348}}, {"time": 1687383599.9222736, "vehicle": {"vehicle_id": 60, "vehicle_type": "Dodge Charger 2020", "side": "L", "angle_from_center": 164.10511566600812, "distance": 11.474204414646843, "velocity_delta": -2.3105770220253348}}, {"time": 1687383599.94029, "vehicle": {"vehicle_id": 60, "vehicle_type": "Dodge Charger 2020", "side": "L", "angle_from_center": 164.76535567656208, "distance": 11.592302547567915, "velocity_delta": -2.182852815322857}}, {"time": 1687383599.9573057, "vehicle": {"vehicle_id": 60, "vehicle_type": "Dodge Charger 2020", "side": "L", "angle_from_center": 165.3642717925965, "distance": 11.707032759209406, "velocity_delta": -2.124438301554939}}, {"time": 1687383599.9733195, "vehicle": {"vehicle_id": 60, "vehicle_type": "Dodge Charger 2020", "side": "L", "angle_from_center": 165.9572640578399, "distance": 11.817838611819473, "velocity_delta": -2.0068512361272948}}, {"time": 1687383599.986332, "vehicle": {"vehicle_id": 60, "vehicle_type": "Dodge Charger 2020", "side": "L", "angle_from_center": 166.48732644405084, "distance": 11.927314847841425, "velocity_delta": -2.010005789255886}}, {"time": 1687383600.0053487, "vehicle": {"vehicle_id": 60, "vehicle_type": "Dodge Charger 2020", "side": "L", "angle_from_center": 167.03359380242446, "distance": 12.035458049444703, "velocity_delta": -1.9869745653271558}}, {"time": 1687383600.0213637, "vehicle": {"vehicle_id": 60, "vehicle_type": "Dodge Charger 2020", "side": "L", "angle_from_center": 167.03359380242446, "distance": 12.035458049444703, "velocity_delta": -1.9869745653271558}}, {"time": 1687383600.0363767, "vehicle": {"vehicle_id": 60, "vehicle_type": "Dodge Charger 2020", "side": "L", "angle_from_center": 167.54551026321064, "distance": 12.145029700968301, "velocity_delta": -2.0690557528026776}}, {"time": 1687383600.0503895, "vehicle": {"vehicle_id": 60, "vehicle_type": "Dodge Charger 2020", "side": "L", "angle_from_center": 168.07118403308644, "distance": 12.25661537678082, "velocity_delta": -2.086769274135535}}, {"time": 1687383600.0694067, "vehicle": {"vehicle_id": 60, "vehicle_type": "Dodge Charger 2020", "side": "L", "angle_from_center": 168.07118403308644, "distance": 12.25661537678082, "velocity_delta": -2.086769274135535}}, {"time": 1687383600.081418, "vehicle": {"vehicle_id": 60, "vehicle_type": "Dodge Charger 2020", "side": "L", "angle_from_center": 168.552650787716, "distance": 12.371676148804783, "velocity_delta": -2.1887473723140793}}, {"time": 1687383600.0974324, "vehicle": {"vehicle_id": 60, "vehicle_type": "Dodge Charger 2020", "side": "L", "angle_from_center": 169.04526078541076, "distance": 12.489093763014491, "velocity_delta": -2.200445149814694}}, {"time": 1687383600.1144478, "vehicle": {"vehicle_id": 60, "vehicle_type": "Dodge Charger 2020", "side": "L", "angle_from_center": 169.04526078541076, "distance": 12.489093763014491, "velocity_delta": -2.200445149814694}}, {"time": 1687383600.133465, "vehicle": {"vehicle_id": 60, "vehicle_type": "Dodge Charger 2020", "side": "L", "angle_from_center": 169.48958005195942, "distance": 12.609047013797525, "velocity_delta": -2.2750193938365335}}, {"time": 1687383600.1494796, "vehicle": {"vehicle_id": 60, "vehicle_type": "Dodge Charger 2020", "side": "L", "angle_from_center": 169.94377090372618, "distance": 12.729160593311585, "velocity_delta": -2.2261279591744287}}, {"time": 1687383600.1644933, "vehicle": {"vehicle_id": 60, "vehicle_type": "Dodge Charger 2020", "side": "L", "angle_from_center": 170.34826391463218, "distance": 12.84858019041435, "velocity_delta": -2.2213883083133537}}, {"time": 1687383600.1785061, "vehicle": {"vehicle_id": 60, "vehicle_type": "Dodge Charger 2020", "side": "L", "angle_from_center": 170.77579594763552, "distance": 12.96352656911855, "velocity_delta": -2.1073361173743397}}, {"time": 1687383600.1965225, "vehicle": {"vehicle_id": 60, "vehicle_type": "Dodge Charger 2020", "side": "L", "angle_from_center": 171.1680512677107, "distance": 13.073866807352848, "velocity_delta": -2.0522466174880716}}, {"time": 1687383600.2125366, "vehicle": {"vehicle_id": 60, "vehicle_type": "Dodge Charger 2020", "side": "L", "angle_from_center": 171.1680512677107, "distance": 13.073866807352848, "velocity_delta": -2.0522466174880716}}, {"time": 1687383600.2285516, "vehicle": {"vehicle_id": 60, "vehicle_type": "Dodge Charger 2020", "side": "L", "angle_from_center": 171.5753828542263, "distance": 13.179159054864893, "velocity_delta": -1.9251136021131074}}, {"time": 1687383600.2435656, "vehicle": {"vehicle_id": 60, "vehicle_type": "Dodge Charger 2020", "side": "L", "angle_from_center": 171.93836363390832, "distance": 13.281831899864677, "velocity_delta": -1.9167960633474213}}, {"time": 1687383600.257578, "vehicle": {"vehicle_id": 60, "vehicle_type": "Dodge Charger 2020", "side": "L", "angle_from_center": 171.93836363390832, "distance": 13.281831899864677, "velocity_delta": -1.9167960633474213}}, {"time": 1687383600.2765958, "vehicle": {"vehicle_id": 60, "vehicle_type": "Dodge Charger 2020", "side": "L", "angle_from_center": 172.31826885959103, "distance": 13.383092015541932, "velocity_delta": -1.871019391986283}}, {"time": 1687383600.2926097, "vehicle": {"vehicle_id": 60, "vehicle_type": "Dodge Charger 2020", "side": "L", "angle_from_center": 172.6561354983981, "distance": 13.485968156096957, "velocity_delta": -1.946379474611179}}, {"time": 1687383600.3056214, "vehicle": {"vehicle_id": 60, "vehicle_type": "Dodge Charger 2020", "side": "L", "angle_from_center": 173.00650817131913, "distance": 13.590885091905637, "velocity_delta": -1.9630688808832044}}, {"time": 1687383600.3216364, "vehicle": {"vehicle_id": 60, "vehicle_type": "Dodge Charger 2020", "side": "L", "angle_from_center": 173.00650817131913, "distance": 13.590885091905637, "velocity_delta": -1.9630688808832044}}, {"time": 1687383600.3406537, "vehicle": {"vehicle_id": 60, "vehicle_type": "Dodge Charger 2020", "side": "L", "angle_from_center": 173.29904722086994, "distance": 13.699560140081687, "velocity_delta": -2.0735212197263317}}, {"time": 1687383600.3576689, "vehicle": {"vehicle_id": 60, "vehicle_type": "Dodge Charger 2020", "side": "L", "angle_from_center": 173.59043668508127, "distance": 13.811061532391154, "velocity_delta": -2.0960589476966955}}, {"time": 1687383600.3696797, "vehicle": {"vehicle_id": 60, "vehicle_type": "Dodge Charger 2020", "side": "L", "angle_from_center": 173.8348456503861, "distance": 13.925130614429525, "velocity_delta": -2.194801838171096}}, {"time": 1687383600.3856943, "vehicle": {"vehicle_id": 60, "vehicle_type": "Dodge Charger 2020", "side": "L", "angle_from_center": 174.09481315673656, "distance": 14.039469734116395, "velocity_delta": -2.169050301238448}}, {"time": 1687383600.4047112, "vehicle": {"vehicle_id": 60, "vehicle_type": "Dodge Charger 2020", "side": "L", "angle_from_center": 174.29907690560128, "distance": 14.153333336656626, "velocity_delta": -2.179975051219814}}, {"time": 1687383600.4217274, "vehicle": {"vehicle_id": 60, "vehicle_type": "Dodge Charger 2020", "side": "L", "angle_from_center": 174.29907690560128, "distance": 14.153333336656626, "velocity_delta": -2.179975051219814}}, {"time": 1687383600.4337375, "vehicle": {"vehicle_id": 60, "vehicle_type": "Dodge Charger 2020", "side": "L", "angle_from_center": 174.4949952107653, "distance": 14.263367332275283, "velocity_delta": -2.0576596014407675}}, {"time": 1687383600.4527547, "vehicle": {"vehicle_id": 60, "vehicle_type": "Dodge Charger 2020", "side": "L", "angle_from_center": 174.62064536126104, "distance": 14.368711286750324, "velocity_delta": -1.9885113066064468}}, {"time": 1687383600.4687696, "vehicle": {"vehicle_id": 60, "vehicle_type": "Dodge Charger 2020", "side": "L", "angle_from_center": 174.62064536126104, "distance": 14.368711286750324, "velocity_delta": -1.9885113066064468}}, {"time": 1687383600.4847841, "vehicle": {"vehicle_id": 60, "vehicle_type": "Dodge Charger 2020", "side": "L", "angle_from_center": 174.74144545724423, "distance": 14.467973764972937, "velocity_delta": -1.8390865719074636}}, {"time": 1687383600.4977958, "vehicle": {"vehicle_id": 60, "vehicle_type": "Dodge Charger 2020", "side": "L", "angle_from_center": 174.79191558891807, "distance": 14.56350079023563, "velocity_delta": -1.8135277792636764}}, {"time": 1687383600.517814, "vehicle": {"vehicle_id": 60, "vehicle_type": "Dodge Charger 2020", "side": "L", "angle_from_center": 174.5569287760752, "distance": 14.279647947847932, "velocity_delta": -1.806296084887073}}, {"time": 1687383600.539834, "vehicle": {"vehicle_id": 60, "vehicle_type": "Dodge Charger 2020", "side": "L", "angle_from_center": 174.62469519680587, "distance": 14.373660014337439, "velocity_delta": -1.809929026761897}}, {"time": 1687383600.5488424, "vehicle": {"vehicle_id": 60, "vehicle_type": "Dodge Charger 2020", "side": "L", "angle_from_center": 174.84746000558312, "distance": 14.751049169875717, "velocity_delta": -1.8467223101440569}}, {"time": 1687383600.5618541, "vehicle": {"vehicle_id": 60, "vehicle_type": "Dodge Charger 2020", "side": "L", "angle_from_center": 174.87868798319562, "distance": 14.847007411011493, "velocity_delta": -1.8724895683094083}}, {"time": 1687383600.5788698, "vehicle": {"vehicle_id": 60, "vehicle_type": "Dodge Charger 2020", "side": "L", "angle_from_center": 174.87868798319562, "distance": 14.847007411011493, "velocity_delta": -1.8724895683094083}}, {"time": 1687383600.596886, "vehicle": {"vehicle_id": 60, "vehicle_type": "Dodge Charger 2020", "side": "L", "angle_from_center": 174.86729857317874, "distance": 14.946800405907387, "velocity_delta": -1.9940987899591223}}, {"time": 1687383600.6129, "vehicle": {"vehicle_id": 60, "vehicle_type": "Dodge Charger 2020", "side": "L", "angle_from_center": 174.87831662585407, "distance": 15.049604370461294, "velocity_delta": -2.027273967917467}}, {"time": 1687383600.6259117, "vehicle": {"vehicle_id": 60, "vehicle_type": "Dodge Charger 2020", "side": "L", "angle_from_center": 174.84969742552914, "distance": 15.155843069380852, "velocity_delta": -2.127965881797982}}, {"time": 1687383600.6459303, "vehicle": {"vehicle_id": 60, "vehicle_type": "Dodge Charger 2020", "side": "L", "angle_from_center": 174.8458486626428, "distance": 15.263254971824951, "velocity_delta": -2.1099036577867576}}, {"time": 1687383600.6619453, "vehicle": {"vehicle_id": 60, "vehicle_type": "Dodge Charger 2020", "side": "L", "angle_from_center": 174.80806723552973, "distance": 15.370685365842027, "velocity_delta": -2.1291937070899154}}, {"time": 1687383600.6769588, "vehicle": {"vehicle_id": 60, "vehicle_type": "Dodge Charger 2020", "side": "L", "angle_from_center": 174.80806723552973, "distance": 15.370685365842027, "velocity_delta": -2.1291937070899154}}, {"time": 1687383600.6909714, "vehicle": {"vehicle_id": 60, "vehicle_type": "Dodge Charger 2020", "side": "L", "angle_from_center": 174.80019721880691, "distance": 15.474623800437314, "velocity_delta": -2.0096393664845245}}, {"time": 1687383600.705985, "vehicle": {"vehicle_id": 60, "vehicle_type": "Dodge Charger 2020", "side": "L", "angle_from_center": 174.80019721880691, "distance": 15.474623800437314, "velocity_delta": -2.0096393664845245}}, {"time": 1687383600.725002, "vehicle": {"vehicle_id": 60, "vehicle_type": "Dodge Charger 2020", "side": "L", "angle_from_center": 174.76013320646018, "distance": 15.573633702589936, "velocity_delta": -1.9327597551599371}}, {"time": 1687383600.741017, "vehicle": {"vehicle_id": 60, "vehicle_type": "Dodge Charger 2020", "side": "L", "angle_from_center": 174.75339380991502, "distance": 15.66945318151454, "velocity_delta": -1.8776792730883827}}, {"time": 1687383600.7540286, "vehicle": {"vehicle_id": 60, "vehicle_type": "Dodge Charger 2020", "side": "L", "angle_from_center": 174.71909212349317, "distance": 15.765093288008279, "velocity_delta": -1.9064131428134488}}, {"time": 1687383600.7730458, "vehicle": {"vehicle_id": 60, "vehicle_type": "Dodge Charger 2020", "side": "L", "angle_from_center": 174.5809031752785, "distance": 15.476642216501748, "velocity_delta": -1.410164792747782}}, {"time": 1687383600.7890599, "vehicle": {"vehicle_id": 60, "vehicle_type": "Dodge Charger 2020", "side": "L", "angle_from_center": 174.71570738881007, "distance": 15.847790400849451, "velocity_delta": -1.3431550940387975}}, {"time": 1687383600.805075, "vehicle": {"vehicle_id": 60, "vehicle_type": "Dodge Charger 2020", "side": "L", "angle_from_center": 174.66953339012144, "distance": 15.899107633279936, "velocity_delta": -0.8610772295223352}}, {"time": 1687383600.8180869, "vehicle": {"vehicle_id": 60, "vehicle_type": "Dodge Charger 2020", "side": "L", "angle_from_center": 174.65528303131475, "distance": 15.936130721140259, "velocity_delta": -0.6911892639435919}}, {"time": 1687383600.8341012, "vehicle": {"vehicle_id": 60, "vehicle_type": "Dodge Charger 2020", "side": "L", "angle_from_center": 174.65528303131475, "distance": 15.936130721140259, "velocity_delta": -0.6911892639435919}}, {"time": 1687383600.8531184, "vehicle": {"vehicle_id": 60, "vehicle_type": "Dodge Charger 2020", "side": "L", "angle_from_center": 174.6147014051667, "distance": 15.9754743488644, "velocity_delta": -0.8111093022635059}}, {"time": 1687383600.8691325, "vehicle": {"vehicle_id": 60, "vehicle_type": "Dodge Charger 2020", "side": "L", "angle_from_center": 174.61533486728956, "distance": 16.01898314810148, "velocity_delta": -0.8669982033813071}}, {"time": 1687383600.882145, "vehicle": {"vehicle_id": 60, "vehicle_type": "Dodge Charger 2020", "side": "L", "angle_from_center": 174.59479218931656, "distance": 16.068203927188712, "velocity_delta": -1.0279020050022911}}, {"time": 1687383600.901162, "vehicle": {"vehicle_id": 60, "vehicle_type": "Dodge Charger 2020", "side": "L", "angle_from_center": 174.62142635514473, "distance": 16.13055623555859, "velocity_delta": -1.5511212028686483}}, {"time": 1687383600.9171765, "vehicle": {"vehicle_id": 60, "vehicle_type": "Dodge Charger 2020", "side": "L", "angle_from_center": 174.62142635514473, "distance": 16.13055623555859, "velocity_delta": -1.5511212028686483}}, {"time": 1687383600.93219, "vehicle": {"vehicle_id": 60, "vehicle_type": "Dodge Charger 2020", "side": "L", "angle_from_center": 174.63500458310858, "distance": 16.248456293580016, "velocity_delta": -2.820773117335584}}, {"time": 1687383600.9462023, "vehicle": {"vehicle_id": 60, "vehicle_type": "Dodge Charger 2020", "side": "L", "angle_from_center": 174.70206276902013, "distance": 16.402052761263704, "velocity_delta": -3.015644375209174}}, {"time": 1687383600.9662213, "vehicle": {"vehicle_id": 60, "vehicle_type": "Dodge Charger 2020", "side": "L", "angle_from_center": 174.73580774449104, "distance": 16.549101457895862, "velocity_delta": -2.9071485586307193}}, {"time": 1687383600.981234, "vehicle": {"vehicle_id": 60, "vehicle_type": "Dodge Charger 2020", "side": "L", "angle_from_center": 174.73580774449104, "distance": 16.549101457895862, "velocity_delta": -2.9071485586307193}}, {"time": 1687383600.9962482, "vehicle": {"vehicle_id": 60, "vehicle_type": "Dodge Charger 2020", "side": "L", "angle_from_center": 174.8041530274154, "distance": 16.68306678618401, "velocity_delta": -2.566324022567272}}, {"time": 1687383601.0102615, "vehicle": {"vehicle_id": 60, "vehicle_type": "Dodge Charger 2020", "side": "L", "angle_from_center": 174.8215472051938, "distance": 16.806504887557878, "velocity_delta": -2.4305713815422525}}, {"time": 1687383601.0302792, "vehicle": {"vehicle_id": 60, "vehicle_type": "Dodge Charger 2020", "side": "L", "angle_from_center": 174.8215472051938, "distance": 16.806504887557878, "velocity_delta": -2.4305713815422525}}, {"time": 1687383601.0452926, "vehicle": {"vehicle_id": 60, "vehicle_type": "Dodge Charger 2020", "side": "L", "angle_from_center": 174.87777491534302, "distance": 16.91829463123141, "velocity_delta": -2.136522544248269}}, {"time": 1687383601.060306, "vehicle": {"vehicle_id": 60, "vehicle_type": "Dodge Charger 2020", "side": "L", "angle_from_center": 174.9825680841295, "distance": 17.00599177386846, "velocity_delta": -1.4841543820089633}}, {"time": 1687383601.0743186, "vehicle": {"vehicle_id": 60, "vehicle_type": "Dodge Charger 2020", "side": "L", "angle_from_center": 175.30095655585245, "distance": 17.051808929640675, "velocity_delta": -0.6251983258061786}}, {"time": 1687383601.093336, "vehicle": {"vehicle_id": 60, "vehicle_type": "Dodge Charger 2020", "side": "L", "angle_from_center": 175.46818776783985, "distance": 17.05975430429347, "velocity_delta": 0.07381814046962987}}, {"time": 1687383601.109351, "vehicle": {"vehicle_id": 60, "vehicle_type": "Dodge Charger 2020", "side": "L", "angle_from_center": 175.46818776783985, "distance": 17.05975430429347, "velocity_delta": 0.07381814046962987}}, {"time": 1687383601.1243649, "vehicle": {"vehicle_id": 60, "vehicle_type": "Dodge Charger 2020", "side": "L", "angle_from_center": 175.56305597600394, "distance": 17.033928081966387, "velocity_delta": 0.6895090794043739}}, {"time": 1687383601.1383777, "vehicle": {"vehicle_id": 60, "vehicle_type": "Dodge Charger 2020", "side": "L", "angle_from_center": 175.57691914808908, "distance": 16.98921586394321, "velocity_delta": 1.028279516496048}}, {"time": 1687383601.1563938, "vehicle": {"vehicle_id": 60, "vehicle_type": "Dodge Charger 2020", "side": "L", "angle_from_center": 175.56182526044245, "distance": 16.926859265235567, "velocity_delta": 1.4091740964477126}}, {"time": 1687383601.1724088, "vehicle": {"vehicle_id": 60, "vehicle_type": "Dodge Charger 2020", "side": "L", "angle_from_center": 175.56182526044245, "distance": 16.926859265235567, "velocity_delta": 1.4091740964477126}}, {"time": 1687383601.188423, "vehicle": {"vehicle_id": 60, "vehicle_type": "Dodge Charger 2020", "side": "L", "angle_from_center": 175.53455144555525, "distance": 16.84699809256605, "velocity_delta": 1.7494503517814954}}, {"time": 1687383601.2014344, "vehicle": {"vehicle_id": 60, "vehicle_type": "Dodge Charger 2020", "side": "L", "angle_from_center": 175.4997157003465, "distance": 16.74876049120607, "velocity_delta": 2.1412472100628976}}, {"time": 1687383601.2214534, "vehicle": {"vehicle_id": 60, "vehicle_type": "Dodge Charger 2020", "side": "L", "angle_from_center": 175.4129116833191, "distance": 16.473929919439072, "velocity_delta": 2.097821439624334}}, {"time": 1687383601.237467, "vehicle": {"vehicle_id": 60, "vehicle_type": "Dodge Charger 2020", "side": "L", "angle_from_center": 175.4607222380185, "distance": 16.63813631217886, "velocity_delta": 2.314405133457504}}, {"time": 1687383601.2534814, "vehicle": {"vehicle_id": 60, "vehicle_type": "Dodge Charger 2020", "side": "L", "angle_from_center": 175.41826686574245, "distance": 16.517529923683522, "velocity_delta": 2.5182409161095762}}, {"time": 1687383601.2654924, "vehicle": {"vehicle_id": 60, "vehicle_type": "Dodge Charger 2020", "side": "L", "angle_from_center": 175.3691722141083, "distance": 16.376696540525913, "velocity_delta": 3.1913868104408527}}, {"time": 1687383601.2855113, "vehicle": {"vehicle_id": 60, "vehicle_type": "Dodge Charger 2020", "side": "L", "angle_from_center": 175.3691722141083, "distance": 16.376696540525913, "velocity_delta": 3.1913868104408527}}, {"time": 1687383601.3015254, "vehicle": {"vehicle_id": 60, "vehicle_type": "Dodge Charger 2020", "side": "L", "angle_from_center": 175.30615889682025, "distance": 16.19493947643501, "velocity_delta": 3.9018579508298417}}, {"time": 1687383601.3165388, "vehicle": {"vehicle_id": 60, "vehicle_type": "Dodge Charger 2020", "side": "L", "angle_from_center": 175.23855506747122, "distance": 15.988145969391786, "velocity_delta": 4.278470285698959}}, {"time": 1687383601.3295503, "vehicle": {"vehicle_id": 60, "vehicle_type": "Dodge Charger 2020", "side": "L", "angle_from_center": 175.12976461692998, "distance": 15.653187969570668, "velocity_delta": 4.17202783661886}}, {"time": 1687383601.349569, "vehicle": {"vehicle_id": 60, "vehicle_type": "Dodge Charger 2020", "side": "L", "angle_from_center": 175.0986515119597, "distance": 15.561437386201243, "velocity_delta": 4.284121300496048}}, {"time": 1687383601.3655837, "vehicle": {"vehicle_id": 60, "vehicle_type": "Dodge Charger 2020", "side": "L", "angle_from_center": 175.0986515119597, "distance": 15.561437386201243, "velocity_delta": 4.284121300496048}}, {"time": 1687383601.377594, "vehicle": {"vehicle_id": 60, "vehicle_type": "Dodge Charger 2020", "side": "L", "angle_from_center": 175.02779834284703, "distance": 15.3507389859129, "velocity_delta": 4.224465635303923}}, {"time": 1687383601.393609, "vehicle": {"vehicle_id": 60, "vehicle_type": "Dodge Charger 2020", "side": "L", "angle_from_center": 174.96346043998415, "distance": 15.163103400939802, "velocity_delta": 3.3281021592827766}}, {"time": 1687383601.4136271, "vehicle": {"vehicle_id": 60, "vehicle_type": "Dodge Charger 2020", "side": "L", "angle_from_center": 174.91795748244027, "distance": 15.036277134742004, "velocity_delta": 2.1131864944404892}}, {"time": 1687383601.4286406, "vehicle": {"vehicle_id": 60, "vehicle_type": "Dodge Charger 2020", "side": "L", "angle_from_center": 174.91795748244027, "distance": 15.036277134742004, "velocity_delta": 2.1131864944404892}}, {"time": 1687383601.4416525, "vehicle": {"vehicle_id": 60, "vehicle_type": "Dodge Charger 2020", "side": "L", "angle_from_center": 174.88470453676373, "distance": 14.943636899653036, "velocity_delta": 1.9397929839184191}}, {"time": 1687383601.4576669, "vehicle": {"vehicle_id": 60, "vehicle_type": "Dodge Charger 2020", "side": "L", "angle_from_center": 174.8507354204462, "distance": 14.844952974229042, "velocity_delta": 2.003441507256545}}, {"time": 1687383601.476684, "vehicle": {"vehicle_id": 60, "vehicle_type": "Dodge Charger 2020", "side": "L", "angle_from_center": 174.8507354204462, "distance": 14.844952974229042, "velocity_delta": 2.003441507256545}}, {"time": 1687383601.492699, "vehicle": {"vehicle_id": 60, "vehicle_type": "Dodge Charger 2020", "side": "L", "angle_from_center": 174.81495932683086, "distance": 14.740941611237496, "velocity_delta": 2.1087489045580403}}, {"time": 1687383601.5057106, "vehicle": {"vehicle_id": 60, "vehicle_type": "Dodge Charger 2020", "side": "L", "angle_from_center": 174.77663253107033, "distance": 14.631197818999494, "velocity_delta": 2.2574703329516805}}, {"time": 1687383601.5217254, "vehicle": {"vehicle_id": 60, "vehicle_type": "Dodge Charger 2020", "side": "L", "angle_from_center": 174.77663253107033, "distance": 14.631197818999494, "velocity_delta": 2.2574703329516805}}, {"time": 1687383601.540742, "vehicle": {"vehicle_id": 60, "vehicle_type": "Dodge Charger 2020", "side": "L", "angle_from_center": 174.73401145061857, "distance": 14.511068634579328, "velocity_delta": 2.50344600512605}}, {"time": 1687383601.556757, "vehicle": {"vehicle_id": 60, "vehicle_type": "Dodge Charger 2020", "side": "L", "angle_from_center": 174.6853624782956, "distance": 14.376876872814373, "velocity_delta": 2.8032809928755302}}, {"time": 1687383601.5697687, "vehicle": {"vehicle_id": 60, "vehicle_type": "Dodge Charger 2020", "side": "L", "angle_from_center": 174.62986644723637, "distance": 14.227145812940583, "velocity_delta": 3.124304160426345}}, {"time": 1687383601.5867846, "vehicle": {"vehicle_id": 60, "vehicle_type": "Dodge Charger 2020", "side": "L", "angle_from_center": 174.56695364059618, "distance": 14.061236838947565, "velocity_delta": 3.4547393439729737}}, {"time": 1687383601.6048005, "vehicle": {"vehicle_id": 60, "vehicle_type": "Dodge Charger 2020", "side": "L", "angle_from_center": 174.49586680449718, "distance": 13.878909242002793, "velocity_delta": 3.788632602492114}}, {"time": 1687383601.620815, "vehicle": {"vehicle_id": 60, "vehicle_type": "Dodge Charger 2020", "side": "L", "angle_from_center": 174.49586680449718, "distance": 13.878909242002793, "velocity_delta": 3.788632602492114}}, {"time": 1687383601.6348276, "vehicle": {"vehicle_id": 60, "vehicle_type": "Dodge Charger 2020", "side": "L", "angle_from_center": 174.4162992006663, "distance": 13.68002219849997, "velocity_delta": 4.123076494877282}}, {"time": 1687383601.6528437, "vehicle": {"vehicle_id": 60, "vehicle_type": "Dodge Charger 2020", "side": "L", "angle_from_center": 174.32780237593315, "distance": 13.466231528868837, "velocity_delta": 4.357457601070979}}, {"time": 1687383601.6698601, "vehicle": {"vehicle_id": 60, "vehicle_type": "Dodge Charger 2020", "side": "L", "angle_from_center": 174.32780237593315, "distance": 13.466231528868837, "velocity_delta": 4.357457601070979}}, {"time": 1687383601.6848736, "vehicle": {"vehicle_id": 60, "vehicle_type": "Dodge Charger 2020", "side": "L", "angle_from_center": 174.23502451271995, "distance": 13.249460501128793, "velocity_delta": 4.372198619250882}}, {"time": 1687383601.697885, "vehicle": {"vehicle_id": 60, "vehicle_type": "Dodge Charger 2020", "side": "L", "angle_from_center": 174.23502451271995, "distance": 13.249460501128793, "velocity_delta": 4.420266319365881}}, {"time": 1687383601.7169025, "vehicle": {"vehicle_id": 60, "vehicle_type": "Dodge Charger 2020", "side": "L", "angle_from_center": 174.1375499780764, "distance": 13.029487672684798, "velocity_delta": 4.472955523307616}}, {"time": 1687383601.7329166, "vehicle": {"vehicle_id": 60, "vehicle_type": "Dodge Charger 2020", "side": "L", "angle_from_center": 174.03428694167468, "distance": 12.80434266550383, "velocity_delta": 4.578014098927136}}, {"time": 1687383601.7489314, "vehicle": {"vehicle_id": 60, "vehicle_type": "Dodge Charger 2020", "side": "L", "angle_from_center": 173.92549775372453, "distance": 12.571224047511894, "velocity_delta": 4.769271834955658}}, {"time": 1687383601.7629437, "vehicle": {"vehicle_id": 60, "vehicle_type": "Dodge Charger 2020", "side": "L", "angle_from_center": 173.92549775372453, "distance": 12.571224047511894, "velocity_delta": 4.769271834955658}}, {"time": 1687383601.7809603, "vehicle": {"vehicle_id": 60, "vehicle_type": "Dodge Charger 2020", "side": "L", "angle_from_center": 173.81065740627707, "distance": 12.332266076364952, "velocity_delta": 4.795192789111002}}, {"time": 1687383601.7979763, "vehicle": {"vehicle_id": 60, "vehicle_type": "Dodge Charger 2020", "side": "L", "angle_from_center": 173.6927718655683, "distance": 12.095945435670078, "velocity_delta": 4.729194529205259}}, {"time": 1687383601.8139904, "vehicle": {"vehicle_id": 60, "vehicle_type": "Dodge Charger 2020", "side": "L", "angle_from_center": 173.58918071268695, "distance": 11.895858700029118, "velocity_delta": 3.540921819715287}}, {"time": 1687383601.8260014, "vehicle": {"vehicle_id": 60, "vehicle_type": "Dodge Charger 2020", "side": "L", "angle_from_center": 173.51649389372182, "distance": 11.761271187084896, "velocity_delta": 2.2368508691710844}}, {"time": 1687383601.8450186, "vehicle": {"vehicle_id": 60, "vehicle_type": "Dodge Charger 2020", "side": "L", "angle_from_center": 173.47749645125992, "distance": 11.690937345880142, "velocity_delta": 0.9478265076567065}}, {"time": 1687383601.8620348, "vehicle": {"vehicle_id": 60, "vehicle_type": "Dodge Charger 2020", "side": "L", "angle_from_center": 173.47749645125992, "distance": 11.690937345880142, "velocity_delta": 0.9478265076567065}}, {"time": 1687383601.8740451, "vehicle": {"vehicle_id": 60, "vehicle_type": "Dodge Charger 2020", "side": "L", "angle_from_center": 173.4535062894394, "distance": 11.64632713383662, "velocity_delta": 1.1866841658484433}}, {"time": 1687383601.8900595, "vehicle": {"vehicle_id": 60, "vehicle_type": "Dodge Charger 2020", "side": "L", "angle_from_center": 173.41143904860695, "distance": 11.568017744657325, "velocity_delta": 1.7491329098651014}}, {"time": 1687383601.9080758, "vehicle": {"vehicle_id": 60, "vehicle_type": "Dodge Charger 2020", "side": "L", "angle_from_center": 173.41143904860695, "distance": 11.568017744657325, "velocity_delta": 1.7491329098651014}}, {"time": 1687383601.9240901, "vehicle": {"vehicle_id": 60, "vehicle_type": "Dodge Charger 2020", "side": "L", "angle_from_center": 173.35695365854866, "distance": 11.468230752728392, "velocity_delta": 2.1112586244857785}}, {"time": 1687383601.9381032, "vehicle": {"vehicle_id": 60, "vehicle_type": "Dodge Charger 2020", "side": "L", "angle_from_center": 173.2937739996288, "distance": 11.3548603746408, "velocity_delta": 2.2942289004889886}}, {"time": 1687383601.9541178, "vehicle": {"vehicle_id": 60, "vehicle_type": "Dodge Charger 2020", "side": "L", "angle_from_center": 173.2937739996288, "distance": 11.3548603746408, "velocity_delta": 2.2942289004889886}}, {"time": 1687383601.9731348, "vehicle": {"vehicle_id": 60, "vehicle_type": "Dodge Charger 2020", "side": "L", "angle_from_center": 173.22830000606433, "distance": 11.24009453474837, "velocity_delta": 2.308343048910035}}, {"time": 1687383601.9891498, "vehicle": {"vehicle_id": 60, "vehicle_type": "Dodge Charger 2020", "side": "L", "angle_from_center": 173.16073146197218, "distance": 11.123874169176295, "velocity_delta": 2.3620015741541867}}, {"time": 1687383602.0021615, "vehicle": {"vehicle_id": 60, "vehicle_type": "Dodge Charger 2020", "side": "L", "angle_from_center": 173.0884847372797, "distance": 11.002476712695977, "velocity_delta": 2.501673823478073}}, {"time": 1687383602.0191767, "vehicle": {"vehicle_id": 60, "vehicle_type": "Dodge Charger 2020", "side": "L", "angle_from_center": 173.00846748880656, "distance": 10.871703193567964, "velocity_delta": 2.7186308837233706}}, {"time": 1687383602.0361924, "vehicle": {"vehicle_id": 60, "vehicle_type": "Dodge Charger 2020", "side": "L", "angle_from_center": 172.91833716384227, "distance": 10.728391897754841, "velocity_delta": 2.9928223541660115}}, {"time": 1687383602.053208, "vehicle": {"vehicle_id": 60, "vehicle_type": "Dodge Charger 2020", "side": "L", "angle_from_center": 172.91833716384227, "distance": 10.728391897754841, "velocity_delta": 2.9928223541660115}}, {"time": 1687383602.0662198, "vehicle": {"vehicle_id": 60, "vehicle_type": "Dodge Charger 2020", "side": "L", "angle_from_center": 172.81657769204855, "distance": 10.571088056029668, "velocity_delta": 3.260149956015415}}, {"time": 1687383602.0822344, "vehicle": {"vehicle_id": 60, "vehicle_type": "Dodge Charger 2020", "side": "L", "angle_from_center": 172.70599815094366, "distance": 10.405524613283214, "velocity_delta": 3.351749548981351}}, {"time": 1687383602.1002498, "vehicle": {"vehicle_id": 60, "vehicle_type": "Dodge Charger 2020", "side": "L", "angle_from_center": 172.70599815094366, "distance": 10.405524613283214, "velocity_delta": 3.351749548981351}}, {"time": 1687383602.1162648, "vehicle": {"vehicle_id": 60, "vehicle_type": "Dodge Charger 2020", "side": "L", "angle_from_center": 172.59285025418552, "distance": 10.24141646859985, "velocity_delta": 3.2703772322758407}}, {"time": 1687383602.131278, "vehicle": {"vehicle_id": 60, "vehicle_type": "Dodge Charger 2020", "side": "L", "angle_from_center": 172.4807978073105, "distance": 10.084310297639533, "velocity_delta": 3.1102617846484546}}, {"time": 1687383602.1462924, "vehicle": {"vehicle_id": 60, "vehicle_type": "Dodge Charger 2020", "side": "L", "angle_from_center": 172.4807978073105, "distance": 10.084310297639533, "velocity_delta": 3.1102617846484546}}, {"time": 1687383602.1643083, "vehicle": {"vehicle_id": 60, "vehicle_type": "Dodge Charger 2020", "side": "L", "angle_from_center": 172.37156409934624, "distance": 9.93540494873208, "velocity_delta": 2.9555126744233644}}, {"time": 1687383602.180323, "vehicle": {"vehicle_id": 60, "vehicle_type": "Dodge Charger 2020", "side": "L", "angle_from_center": 172.2633112564362, "distance": 9.79225763840255, "velocity_delta": 2.8594026973645574}}, {"time": 1687383602.1943357, "vehicle": {"vehicle_id": 60, "vehicle_type": "Dodge Charger 2020", "side": "L", "angle_from_center": 172.1546935003577, "distance": 9.65254629379828, "velocity_delta": 2.8059110021299216}}, {"time": 1687383602.2103505, "vehicle": {"vehicle_id": 60, "vehicle_type": "Dodge Charger 2020", "side": "L", "angle_from_center": 172.04272665018885, "distance": 9.513189025240845, "velocity_delta": 2.829037843858148}}, {"time": 1687383602.2293675, "vehicle": {"vehicle_id": 60, "vehicle_type": "Dodge Charger 2020", "side": "L", "angle_from_center": 171.9240803014806, "distance": 9.369669590869677, "velocity_delta": 2.947860580966946}}, {"time": 1687383602.2463832, "vehicle": {"vehicle_id": 60, "vehicle_type": "Dodge Charger 2020", "side": "L", "angle_from_center": 171.9240803014806, "distance": 9.369669590869677, "velocity_delta": 2.947860580966946}}, {"time": 1687383602.2583935, "vehicle": {"vehicle_id": 60, "vehicle_type": "Dodge Charger 2020", "side": "L", "angle_from_center": 171.79479225527086, "distance": 9.21817936392759, "velocity_delta": 3.123263777115688}}, {"time": 1687383602.274408, "vehicle": {"vehicle_id": 60, "vehicle_type": "Dodge Charger 2020", "side": "L", "angle_from_center": 171.65349237701952, "distance": 9.058521217980188, "velocity_delta": 3.2714286749936243}}, {"time": 1687383602.2934256, "vehicle": {"vehicle_id": 60, "vehicle_type": "Dodge Charger 2020", "side": "L", "angle_from_center": 171.5038386795573, "distance": 8.895421931119566, "velocity_delta": 3.2881997623726034}}, {"time": 1687383602.30944, "vehicle": {"vehicle_id": 60, "vehicle_type": "Dodge Charger 2020", "side": "L", "angle_from_center": 171.5038386795573, "distance": 8.895421931119566, "velocity_delta": 3.2881997623726034}}, {"time": 1687383602.3224523, "vehicle": {"vehicle_id": 60, "vehicle_type": "Dodge Charger 2020", "side": "L", "angle_from_center": 171.35189419286536, "distance": 8.735695539809173, "velocity_delta": 3.1839108844952997}}, {"time": 1687383602.3384666, "vehicle": {"vehicle_id": 60, "vehicle_type": "Dodge Charger 2020", "side": "L", "angle_from_center": 171.35189419286536, "distance": 8.735695539809173, "velocity_delta": 3.1839108844952997}}, {"time": 1687383602.3574839, "vehicle": {"vehicle_id": 60, "vehicle_type": "Dodge Charger 2020", "side": "L", "angle_from_center": 171.2004286321901, "distance": 8.582024699853813, "velocity_delta": 3.0726141145797303}}, {"time": 1687383602.372497, "vehicle": {"vehicle_id": 60, "vehicle_type": "Dodge Charger 2020", "side": "L", "angle_from_center": 171.04839735888814, "distance": 8.43310126806673, "velocity_delta": 2.9833278228518987}}, {"time": 1687383602.385509, "vehicle": {"vehicle_id": 60, "vehicle_type": "Dodge Charger 2020", "side": "L", "angle_from_center": 170.89517438755126, "distance": 8.287570780481312, "velocity_delta": 2.932157728683715}}, {"time": 1687383602.4015238, "vehicle": {"vehicle_id": 60, "vehicle_type": "Dodge Charger 2020", "side": "L", "angle_from_center": 170.89517438755126, "distance": 8.287570780481312, "velocity_delta": 2.932157728683715}}, {"time": 1687383602.4215424, "vehicle": {"vehicle_id": 60, "vehicle_type": "Dodge Charger 2020", "side": "L", "angle_from_center": 170.7372796802514, "distance": 8.14243100096062, "velocity_delta": 2.9548912973581785}}, {"time": 1687383602.4365556, "vehicle": {"vehicle_id": 60, "vehicle_type": "Dodge Charger 2020", "side": "L", "angle_from_center": 170.5686141391287, "distance": 7.993198429109644, "velocity_delta": 3.0732425177505944}}, {"time": 1687383602.4505687, "vehicle": {"vehicle_id": 60, "vehicle_type": "Dodge Charger 2020", "side": "L", "angle_from_center": 170.3841118175964, "distance": 7.836139655865138, "velocity_delta": 3.242994348541891}}, {"time": 1687383602.4665835, "vehicle": {"vehicle_id": 60, "vehicle_type": "Dodge Charger 2020", "side": "L", "angle_from_center": 170.18400010668663, "distance": 7.6726782054635585, "velocity_delta": 3.337057124131095}}, {"time": 1687383602.484599, "vehicle": {"vehicle_id": 60, "vehicle_type": "Dodge Charger 2020", "side": "L", "angle_from_center": 169.974260392698, "distance": 7.508753534310585, "velocity_delta": 3.299879540703352}}, {"time": 1687383602.5016146, "vehicle": {"vehicle_id": 60, "vehicle_type": "Dodge Charger 2020", "side": "L", "angle_from_center": 169.974260392698, "distance": 7.508753534310585, "velocity_delta": 3.299879540703352}}, {"time": 1687383602.513625, "vehicle": {"vehicle_id": 60, "vehicle_type": "Dodge Charger 2020", "side": "L", "angle_from_center": 169.76105285476908, "distance": 7.349147213683922, "velocity_delta": 3.2030985306235817}}, {"time": 1687383602.52964, "vehicle": {"vehicle_id": 60, "vehicle_type": "Dodge Charger 2020", "side": "L", "angle_from_center": 169.545390887555, "distance": 7.194461709478588, "velocity_delta": 3.1138278183526644}}, {"time": 1687383602.5496585, "vehicle": {"vehicle_id": 60, "vehicle_type": "Dodge Charger 2020", "side": "L", "angle_from_center": 169.3260908008685, "distance": 7.043652246250832, "velocity_delta": 3.0425656610594554}}, {"time": 1687383602.5646718, "vehicle": {"vehicle_id": 60, "vehicle_type": "Dodge Charger 2020", "side": "L", "angle_from_center": 169.3260908008685, "distance": 7.043652246250832, "velocity_delta": 3.0425656610594554}}, {"time": 1687383602.5816872, "vehicle": {"vehicle_id": 60, "vehicle_type": "Dodge Charger 2020", "side": "L", "angle_from_center": 169.10227238177166, "distance": 6.896324909821291, "velocity_delta": 2.9622997818938965}}, {"time": 1687383602.5936978, "vehicle": {"vehicle_id": 60, "vehicle_type": "Dodge Charger 2020", "side": "L", "angle_from_center": 168.87851478377107, "distance": 6.755131100445247, "velocity_delta": 2.8124559154215327}}, {"time": 1687383602.6127157, "vehicle": {"vehicle_id": 60, "vehicle_type": "Dodge Charger 2020", "side": "L", "angle_from_center": 168.87851478377107, "distance": 6.755131100445247, "velocity_delta": 2.8124559154215327}}, {"time": 1687383602.6287298, "vehicle": {"vehicle_id": 60, "vehicle_type": "Dodge Charger 2020", "side": "L", "angle_from_center": 168.66065420936496, "distance": 6.623320355962137, "velocity_delta": 2.6025623016888573}}, {"time": 1687383602.6427429, "vehicle": {"vehicle_id": 60, "vehicle_type": "Dodge Charger 2020", "side": "L", "angle_from_center": 168.45405689951733, "distance": 6.503029483976075, "velocity_delta": 2.361187237190901}}, {"time": 1687383602.657756, "vehicle": {"vehicle_id": 60, "vehicle_type": "Dodge Charger 2020", "side": "L", "angle_from_center": 168.26563773108964, "distance": 6.397196516453525, "velocity_delta": 1.7854296604747486}}, {"time": 1687383602.6767735, "vehicle": {"vehicle_id": 60, "vehicle_type": "Dodge Charger 2020", "side": "L", "angle_from_center": 168.27203771877862, "distance": 6.40062645711867, "velocity_delta": 1.7894480966060702}}]